source_category,src_orders_6mo,src_revenue_6mo,recommended_sku,recommended_name,recommended_price,recommended_categories,item_orders_6mo,item_units_6mo,item_revenue_6mo,llm_valid,llm_confidence,relationship_type,llm_reason
Turnout Gear,71,72348.42,TFS-WP-EDGE-ASST,"TheFireStore Deluxe ""Edge"" Upgraded Wack Pack",33.99,Helmets | Accessories,10,10,339.9,True,0.72,complementary,"A Wack Pack (hydration/rehab/cooling support pack) is commonly used by structural firefighters during/after interior operations while wearing turnout gear, supporting the same job function and improving heat-stress management. It’s not required for turnout gear use, but it is a practical complementary add-on for departments outfitting crews."
Turnout Gear,71,72348.42,CL-87,Channellock The 87 Rescue Tool,54.95,Custom Designs | Tools,4,4,232.79,True,0.72,complementary,"Turnout gear is structural firefighting PPE, and a rescue/pry tool like the Channellock 87 is commonly carried/used by firefighters during forcible entry and rescue operations. While not a required accessory to the PPE itself, it fits the same job function and is a practical add-on for a firefighter outfitting or refreshing their kit."
Turnout Gear,71,72348.42,69140,Streamlight Vantage,139.99,Custom Designs | Helmets,3,6,839.94,True,0.78,complementary,"Turnout gear is structural firefighting PPE, and the Streamlight Vantage is a helmet-mounted firefighter light commonly used during interior operations. Buyers outfitting bunker coats/pants often also need compatible lighting to complete their structural firefighting kit, making this a practical same-job-function add-on."
Helmets,54,65879.22,TFS-WP-EDGE-ASST,"TheFireStore Deluxe ""Edge"" Upgraded Wack Pack",33.99,Helmets | Accessories,10,10,339.9,True,0.72,accessory,"A Wack Pack is a helmet accessory/upgrade kit commonly used by fire/rescue personnel to add identification/visibility and personalize or enhance helmet function. Customers purchasing helmets often also need helmet add-ons like decals/trim/markings, making this a practical same-job-function upsell."
Helmets,54,65879.22,CL-87,Channellock The 87 Rescue Tool,54.95,Custom Designs | Tools,4,4,232.79,True,0.62,complementary,"In fire/rescue operations, helmets and rescue/extrication tools are used within the same job function and often deployed together on scenes. While the rescue tool is not a required accessory for a helmet, a department purchasing helmets may also be equipping crews with basic forcible-entry/rescue tools, making it a plausible complementary upsell at the category level."
Helmets,54,65879.22,CL-87,Channellock The 87 Rescue Tool,54.95,Custom Designs | Tools,4,4,232.79,True,0.62,complementary,"In fire/rescue and some technical rescue contexts, helmets and rescue/extrication tools are used in the same job function and often deployed together on scenes. However, the rescue tool is not a required accessory for a helmet and may be purchased by different decision-makers or on different replacement cycles, making it a moderate (not strong) upsell."
Helmets,54,65879.22,CL-87,Channellock The 87 Rescue Tool,54.95,Custom Designs | Tools,4,4,232.79,True,0.62,complementary,"In fire/rescue and some technical rescue contexts, helmets and rescue/extrication tools are used in the same job function and may be purchased together as part of outfitting a crew or apparatus. However, the rescue tool is not a required accessory for a helmet and helmet buyers could also include non-rescue use cases (e.g., wildland, industrial), making the pairing only moderately strong."
Helmets,54,65879.22,69140,Streamlight Vantage,139.99,Custom Designs | Helmets,3,6,839.94,True,0.86,accessory,"Streamlight Vantage is a helmet-mounted light commonly used by firefighters/rescue personnel; customers buying helmets often need compatible lighting for hands-free operations, making it a practical same-job-function add-on."
Helmets,54,65879.22,69140,Streamlight Vantage,139.99,Custom Designs | Helmets,3,6,839.94,True,0.78,accessory,"Streamlight Vantage is a helmet-mounted light commonly used by firefighters/rescue personnel; customers buying helmets often need a compatible task light for hands-free operations. This is a practical, same-job-function add-on rather than a random pairing (though compatibility with the specific helmet model should be confirmed)."
Helmets,54,65879.22,69140,Streamlight Vantage,139.99,Custom Designs | Helmets,3,6,839.94,True,0.86,accessory,Streamlight Vantage is a helmet-mounted light commonly used by firefighters/rescue personnel; customers buying helmets often need a compatible light to complete the setup for hands-free illumination in the same job function.
Helmets by Brand,52,63716.64,CL-87,Channellock The 87 Rescue Tool,54.95,Custom Designs | Tools,4,4,232.79,True,0.62,complementary,"Helmets (fire/rescue or technical rescue) and a rescue/pry tool can be used in the same incident response workflow, especially for forcible entry/extrication. It’s not a required accessory to a helmet, but it is a plausible complementary add-on for departments outfitting rescue personnel."
Helmets by Brand,52,63716.64,69140,Streamlight Vantage,139.99,Custom Designs | Helmets,3,6,839.94,True,0.78,accessory,"Helmets (especially fire/rescue helmets) are commonly paired with helmet-mounted lighting. The Streamlight Vantage is designed for firefighting/turnout use and is often clipped or mounted to a helmet, making it a practical add-on for customers purchasing helmets by brand."
Helmets by Job,46,56854.1,CL-87,Channellock The 87 Rescue Tool,54.95,Custom Designs | Tools,4,4,232.79,True,0.62,complementary,"Rescue/first-responder helmets (fire/rescue, USAR) are often used alongside forcible-entry/extrication hand tools like the Channellock 87. While not a required accessory for every helmet purchase (e.g., law enforcement riot helmets), it is a practical same-job-function complement for rescue-focused helmet buyers."
Helmets by Style,46,56854.1,CL-87,Channellock The 87 Rescue Tool,54.95,Custom Designs | Tools,4,4,232.79,True,0.62,complementary,"A rescue helmet purchase is typically within fire/rescue operations where a rescue/extrication tool like the Channellock 87 can be used on the same calls. It’s not a required accessory for the helmet, but it is a practical complementary item for the same job function (rescue/forcible entry). Relevance depends on whether the helmet category is primarily fire/rescue vs. industrial hard hats."
Helmets by Job,46,56854.1,69140,Streamlight Vantage,139.99,Custom Designs | Helmets,3,6,839.94,True,0.78,accessory,"Streamlight Vantage is a helmet-mounted light commonly used by firefighters/rescue personnel, making it a practical add-on for customers purchasing job-specific helmets (especially fire/rescue). It’s a complementary accessory that enhances helmet functionality in low-light operations, though relevance depends on the helmet type/job (less applicable to some non-fire helmets)."
Helmets by Style,46,56854.1,69140,Streamlight Vantage,139.99,Custom Designs | Helmets,3,6,839.94,True,0.78,accessory,"Streamlight Vantage is a helmet-mounted light commonly used by firefighters/rescue personnel. Customers shopping for helmets by style are often equipping those helmets for field use, and a dedicated helmet light is a practical, job-aligned add-on."
Leather Helmets,42,56387.43,TFS-WP-EDGE-ASST,"TheFireStore Deluxe ""Edge"" Upgraded Wack Pack",33.99,Helmets | Accessories,10,10,339.9,True,0.72,complementary,"Both items are used in the fire/rescue job function. A customer buying a leather fire helmet may also need a forcible-entry/ventilation tool kit like a Wack Pack for operations, making this a practical add-on, though it’s not a required helmet accessory."
All Leather Helmets,42,56387.43,TFS-WP-EDGE-ASST,"TheFireStore Deluxe ""Edge"" Upgraded Wack Pack",33.99,Helmets | Accessories,10,10,339.9,True,0.72,accessory,"Both items are fire/rescue PPE used in the same job function. A buyer of an all-leather fire helmet may also need a helmet storage/carry/protection solution like an upgraded wack pack, making it a practical add-on rather than a random pairing."
Leather Helmets,42,56387.43,CL-87,Channellock The 87 Rescue Tool,54.95,Custom Designs | Tools,4,4,232.79,True,0.62,complementary,"Both items are used in the fire/rescue job function: leather helmets are firefighter PPE and the Channellock 87 is a rescue/extrication/forcible-entry style tool that may be carried on an engine/truck. While not a required accessory to the helmet, it is a plausible complementary add-on for departments outfitting firefighters or apparatus."
All Leather Helmets,42,56387.43,CL-87,Channellock The 87 Rescue Tool,54.95,Custom Designs | Tools,4,4,232.79,True,0.72,complementary,"All-leather helmets are typically purchased for fire/rescue use, and a Channellock 87 rescue tool is a common hand tool carried/used by firefighters for forcible entry and rescue tasks. While not an accessory to the helmet, it fits the same job function and can be a practical add-on for a firefighter’s kit."
Leather Helmets,42,56387.43,69140,Streamlight Vantage,139.99,Custom Designs | Helmets,3,6,839.94,True,0.78,accessory,"Leather helmets are typically purchased for fire/rescue use, and the Streamlight Vantage is a helmet-mounted firefighter light commonly used with structural firefighting helmets. It’s a practical, same-job-function add-on that improves visibility and is often bought alongside a helmet (though mounting compatibility should be confirmed)."
All Leather Helmets,42,56387.43,69140,Streamlight Vantage,139.99,Custom Designs | Helmets,3,6,839.94,True,0.78,complementary,"All-leather helmets are typically used in fire/rescue operations, where helmet-mounted or turnout-gear-compatible lighting is commonly needed for low-visibility interior work. A Streamlight Vantage is a practical, job-function-aligned add-on that complements helmet use, though fit/mounting compatibility should be confirmed for specific helmet models."
Structural Fire Helmets,38,53729.19,TFS-WP-EDGE-ASST,"TheFireStore Deluxe ""Edge"" Upgraded Wack Pack",33.99,Helmets | Accessories,10,10,339.9,True,0.62,accessory,"A Wack Pack is a helmet-mounted light/marker accessory commonly used by structural firefighters for visibility and identification, so it fits the same job function and can be purchased alongside a structural fire helmet as an add-on upgrade. However, compatibility varies by helmet model and some departments standardize on different light/ID systems, so it’s not universally required."
Structural Fire Helmets,38,53729.19,CL-87,Channellock The 87 Rescue Tool,54.95,Custom Designs | Tools,4,4,232.79,True,0.62,complementary,"Both items are used in the structural firefighting/rescue job function: a structural fire helmet is core PPE, and a rescue/pry tool can be part of a firefighter’s basic forcible-entry/extrication kit. It’s not a required accessory to the helmet, but it is a practical complementary add-on for the same end user."
Structural Fire Helmets,38,53729.19,69140,Streamlight Vantage,139.99,Custom Designs | Helmets,3,6,839.94,True,0.86,accessory,"Streamlight Vantage is a helmet-mounted firefighter light commonly used with structural fire helmets, making it a practical, same-job-function add-on that enhances visibility and is often purchased alongside helmets."
Cairns Helmets,37,44153.33,TFS-WP-EDGE-ASST,"TheFireStore Deluxe ""Edge"" Upgraded Wack Pack",33.99,Helmets | Accessories,10,10,339.9,True,0.72,complementary,"Both items are fire/rescue focused: a Cairns fire helmet is core PPE, and a Wack Pack (hydrant/forcible entry tool kit) is commonly carried on engines/trucks. While not a required helmet accessory, it’s a practical complementary add-on for the same job function and could be purchased together for outfitting a crew or apparatus."
Top Helmets,37,49611.37,TFS-WP-EDGE-ASST,"TheFireStore Deluxe ""Edge"" Upgraded Wack Pack",33.99,Helmets | Accessories,10,10,339.9,True,0.72,complementary,"Both items are fire/rescue PPE: a helmet purchase often pairs with a protective hood/neck shroud (wack pack) to improve coverage and comfort. This is a practical add-on used in the same job function, though not strictly required for every helmet."
Cairns Helmets,37,44153.33,CL-87,Channellock The 87 Rescue Tool,54.95,Custom Designs | Tools,4,4,232.79,True,0.72,complementary,"Cairns helmets are fire/rescue PPE, and the Channellock 87 Rescue Tool is a common forcible-entry/extrication hand tool used by the same fire/rescue crews. While not a required accessory to the helmet, it is a practical complementary item often carried on the apparatus or in a firefighter’s kit."
Top Helmets,37,49611.37,CL-87,Channellock The 87 Rescue Tool,54.95,Custom Designs | Tools,4,4,232.79,True,0.72,complementary,"Both items align with fire/rescue operations: a rescue helmet is core PPE and the Channellock 87 rescue tool is a common forcible-entry/extrication aid. While not a required accessory to the helmet, they are frequently used by the same personnel on the same calls, making it a practical complementary add-on."
Cairns Helmets,37,44153.33,69140,Streamlight Vantage,139.99,Custom Designs | Helmets,3,6,839.94,True,0.82,accessory,"Cairns helmets are fire/rescue helmets, and the Streamlight Vantage is a helmet-mounted light commonly used by firefighters for hands-free illumination. It’s a practical, same-job-function add-on that many helmet buyers will need or already spec."
Top Helmets,37,49611.37,69140,Streamlight Vantage,139.99,Custom Designs | Helmets,3,6,839.94,True,0.82,accessory,A Streamlight Vantage is a helmet-mounted light commonly used by firefighters/first responders and is often paired with rescue/fire helmets to provide hands-free illumination. Customers buying a helmet may realistically need a compatible helmet light as a required/standard accessory for field use.
MSA Cairns Helmets,36,42600.74,TFS-WP-EDGE-ASST,"TheFireStore Deluxe ""Edge"" Upgraded Wack Pack",33.99,Helmets | Accessories,10,10,339.9,True,0.72,complementary,"Both items are used in the fire/rescue job function: a Cairns fire helmet is core PPE, and a Wack Pack is a common add-on kit for helmet identification/marking and visibility. A buyer outfitting helmets could realistically also need a higher-end helmet accessory kit, making this a practical complementary upsell rather than a random pairing."
MSA Cairns Helmets,36,42600.74,CL-87,Channellock The 87 Rescue Tool,54.95,Custom Designs | Tools,4,4,232.79,True,0.62,complementary,"Both items are used in the fire/rescue job function: a Cairns helmet is core PPE for firefighters, and the Channellock 87 rescue tool is a common forcible-entry/extrication hand tool that may be carried/used on the same calls. It’s complementary rather than a required accessory, so it’s a moderate (not strong) upsell."
MSA Cairns Helmets,36,42600.74,69140,Streamlight Vantage,139.99,Custom Designs | Helmets,3,6,839.94,True,0.78,accessory,"MSA Cairns helmets are fire/rescue helmets, and the Streamlight Vantage is a firefighter helmet-mounted light commonly used with structural firefighting helmets. Buyers of Cairns helmets often need a compatible helmet light for hands-free illumination, making this a practical, same-job-function add-on."
Traditional Leather Helmets,34,47362.31,TFS-WP-EDGE-ASST,"TheFireStore Deluxe ""Edge"" Upgraded Wack Pack",33.99,Helmets | Accessories,10,10,339.9,True,0.72,complementary,"Both items are within the fire/rescue job function. A traditional leather helmet buyer is likely a firefighter who may also need a helmet/gear storage and transport solution; an upgraded Wack Pack is a practical way to carry/protect helmet and related PPE. Not required for helmet use, but a common complementary add-on for organization and protection."
Traditional Leather Helmets,34,47362.31,CL-87,Channellock The 87 Rescue Tool,54.95,Custom Designs | Tools,4,4,232.79,True,0.72,complementary,"Both items align with the fire/rescue job function: traditional leather helmets are primarily purchased by firefighters, and a Channellock 87 rescue tool is a common forcible entry/utility tool used on fireground and rescue calls. While not a required accessory to the helmet, it is a practical complementary add-on for the same end user and can help round out a firefighter’s basic gear."
Traditional Leather Helmets,34,47362.31,69140,Streamlight Vantage,139.99,Custom Designs | Helmets,3,6,839.94,True,0.78,accessory,"Traditional leather helmets are used by firefighters, and a helmet-mounted light like the Streamlight Vantage is a common, practical add-on for low-visibility operations. While not strictly required for every helmet purchase and may need compatible mounting hardware, it fits the same job function and is frequently used together."
Gloves,28,2829.55,69140,Streamlight Vantage,139.99,Custom Designs | Helmets,3,6,839.94,True,0.62,complementary,"Gloves are commonly purchased for firefighting/rescue and tactical work, and the Streamlight Vantage is a helmet-mounted light used in the same operational contexts. While not a direct accessory to gloves, it’s a practical complementary item often used together in the field for hands-free illumination."
Personal Protective Equipment,24,29385.87,69140,Streamlight Vantage,139.99,Custom Designs | Helmets,3,6,839.94,True,0.62,complementary,"Streamlight Vantage is a helmet-mounted light commonly used by firefighters and rescue personnel and can complement PPE purchases (e.g., helmets, turnout gear) within the same job function. However, 'Personal Protective Equipment' is broad, so relevance depends on the specific PPE item being purchased."
Rope and Tech Rescue,21,2244.47,CL-87,Channellock The 87 Rescue Tool,54.95,Custom Designs | Tools,4,4,232.79,True,0.72,complementary,"Rope and technical rescue is typically performed by fire/rescue teams who also carry forcible-entry and general rescue hand tools. A Channellock 87 rescue tool can be used alongside rope/tech rescue operations for prying, cutting, or gaining access during extrication or rescue scenarios, making it a practical same-job-function add-on (though not a required accessory)."
Rope and Tech Rescue,21,2244.47,69140,Streamlight Vantage,139.99,Custom Designs | Helmets,3,6,839.94,True,0.62,complementary,"Rope/tech rescue operations commonly occur in low-light environments (confined spaces, night ops, structural incidents), and a helmet-mounted light like the Streamlight Vantage is a practical complementary item for rescuers. It’s not a required accessory for rope gear, but it supports the same rescue job function and is frequently used alongside technical rescue equipment."
Tech Rescue,20,812.51,TFS-WP-EDGE-ASST,"TheFireStore Deluxe ""Edge"" Upgraded Wack Pack",33.99,Helmets | Accessories,10,10,339.9,True,0.62,complementary,"Tech rescue teams commonly use forcible-entry/breaching tools as part of their response kits (e.g., gaining access during rescues). A deluxe upgraded wack pack is a plausible add-on for agencies outfitting technical rescue capabilities, though it’s not strictly required for every tech rescue purchase."
Tech Rescue,20,812.51,CL-87,Channellock The 87 Rescue Tool,54.95,Custom Designs | Tools,4,4,232.79,True,0.78,complementary,"Tech rescue operations commonly require forcible entry, prying, and cutting tools; the Channellock 87 Rescue Tool is a practical hand tool that can support extrication/entry tasks within the same rescue job function. It’s not required for every tech rescue purchase, but it’s a credible complementary add-on for teams building or refreshing a rescue tool cache."
Tech Rescue,20,812.51,69140,Streamlight Vantage,139.99,Custom Designs | Helmets,3,6,839.94,True,0.74,complementary,Tech rescue operations commonly require hands-free or helmet-mounted lighting for low-visibility environments; the Streamlight Vantage is a practical task light often used by rescue/fire personnel during extrication and technical rescue work.
Deck Out Your Helmet,17,843.01,TFS-WP-EDGE-ASST,"TheFireStore Deluxe ""Edge"" Upgraded Wack Pack",33.99,Helmets | Accessories,10,10,339.9,True,0.72,complementary,"Both categories relate to firefighter helmet setup: 'Deck Out Your Helmet' implies adding helmet-mounted tools/accessories, and an upgraded Wack Pack is a common set of forcible-entry/utility tools that can be carried on or paired with a helmet-based configuration. It’s the same job function (fire/rescue) and a practical upgrade path for departments outfitting personnel."
Helmets,17,24528.14,CL-87,Channellock The 87 Rescue Tool,54.95,Custom Designs | Tools,4,4,232.79,True,0.62,complementary,"In fire/rescue and some technical rescue contexts, helmets are worn while using forcible entry/extrication tools like the Channellock 87 Rescue Tool. It’s not a required accessory to a helmet, but it is a complementary piece of rescue equipment often used in the same job function and could be part of a broader PPE + tool kit purchase."
Structural Gloves,17,2385.85,69140,Streamlight Vantage,139.99,Custom Designs | Helmets,3,6,839.94,True,0.72,complementary,"Structural gloves are typically purchased for firefighting/structural operations, where hands-free helmet-mounted lighting like the Streamlight Vantage is commonly used. While not a required accessory to the gloves, it is a practical complementary item used in the same job function (fire/rescue) and often part of the same PPE/scene-lighting setup."
Deck Out Your Helmet,17,843.01,69140,Streamlight Vantage,139.99,Custom Designs | Helmets,3,6,839.94,True,0.82,accessory,"Helmet deck-out purchases typically involve adding functional accessories (lights, mounts, clips) to a helmet. The Streamlight Vantage is a helmet-mounted light commonly used by fire/rescue and industrial users, making it a practical, same-job-function add-on that completes the helmet setup."
Helmets,17,24528.14,69140,Streamlight Vantage,139.99,Custom Designs | Helmets,3,6,839.94,True,0.78,accessory,"Streamlight Vantage is a helmet-mounted light commonly used by fire/rescue personnel; customers buying helmets (especially fire helmets) often need compatible lighting for hands-free operations, making it a practical add-on."
Turnout Gear,71,72348.42,MOS-95725,"Mossberg 702 Plinkster, .22LR, 25 Round Magazine & Loader",36.4,,31,52,1590.68,False,0.98,unrelated,"Turnout gear is structural firefighting PPE, while the Mossberg 702 Plinkster is a firearm product for law enforcement/recreational use. They are not used together in the same job function, and a turnout-gear buyer would not realistically need a .22LR rifle/magazine as part of completing or maintaining firefighting PPE."
Turnout Gear,71,72348.42,MOS-96022,"Mossberg Flex Conversion Kit, Stock Adapter, 12GA",67.2,,13,13,681.07,False,0.97,unrelated,"Turnout gear is structural firefighting PPE, while a Mossberg Flex conversion kit is a shotgun stock adapter for law enforcement/tactical firearms. They are not used together in the same job function and a turnout-gear buyer would not realistically need a firearm accessory as part of completing or maintaining their PPE kit."
Turnout Gear,71,72348.42,FNH-98891,"FNH SCAR 17S, 7.62 x 51mm, 10-round Magazine",53.39,,9,29,1548.31,False,0.98,unrelated,"Turnout gear is structural firefighting PPE; an FNH SCAR 17S rifle and magazine are law-enforcement/military firearms products. They are not used together in the same job function and the pairing is not a required accessory, complementary field item, or kit completion for firefighting."
Turnout Gear,71,72348.42,MOS-95300,"Mossberg Ghost Ring Sight Kit for 500, 590, 12 Gauge",119.0,,5,5,517.95,False,0.97,unrelated,"Turnout gear is structural firefighting PPE, while a Mossberg ghost ring sight kit is a firearm accessory for shotguns used in law enforcement/tactical contexts. They are not used together in the same job function and a turnout-gear buyer would not realistically need a shotgun sight as part of completing or maintaining their firefighting kit."
Turnout Gear,71,72348.42,GLOCK-MF06781,Glock 26 9mm 10 Round OEM Factory Magazine with +2 Extension,33.39,,3,7,212.73,False,0.97,unrelated,"Turnout gear is structural firefighting PPE, while a Glock 26 magazine is a law-enforcement firearm accessory. They are not used together in the same job function, and a turnout-gear buyer would not realistically need a pistol magazine as part of completing or maintaining firefighting PPE."
Helmets,54,65879.22,MOS-95725,"Mossberg 702 Plinkster, .22LR, 25 Round Magazine & Loader",36.4,,31,52,1590.68,False,0.97,unrelated,"Helmets (fire/rescue, industrial, or tactical head protection) are not logically paired with a specific .22LR rifle/magazine/loader. This is a different job function and not a required accessory or common field bundle for helmet purchases, making the recommendation feel random and unprofessional."
Helmets,54,65879.22,MOS-95725,"Mossberg 702 Plinkster, .22LR, 25 Round Magazine & Loader",36.4,,31,52,1590.68,False,0.97,unrelated,"Helmets (fire/rescue, industrial, or tactical head protection) are not logically paired with a specific .22LR firearm magazine/loader; they are different job functions and not a required accessory or common field bundle."
Helmets,54,65879.22,MOS-95725,"Mossberg 702 Plinkster, .22LR, 25 Round Magazine & Loader",36.4,,31,52,1590.68,False,0.93,unrelated,"Helmets (fire/rescue, industrial, or tactical protective headgear) are not logically paired with a specific firearm and magazine/loader. They are different functions and procurement paths; a helmet buyer would not typically need a Mossberg 702 Plinkster as a required accessory or common kit completion item."
Inventory Blowout,54,36135.47,MOS-95725,"Mossberg 702 Plinkster, .22LR, 25 Round Magazine & Loader",36.4,,31,52,1590.68,False,0.86,unrelated,"""Inventory Blowout"" is a broad clearance category that can include many unrelated items; recommending a specific firearm magazine/loader bundle is not a logical accessory or kit-completer for most blowout purchases and is likely to feel random unless the source item is explicitly a Mossberg 702 or related firearm product."
Helmets,54,65879.22,MOS-96022,"Mossberg Flex Conversion Kit, Stock Adapter, 12GA",67.2,,13,13,681.07,False,0.93,unrelated,"Helmets are PPE used across fire/rescue, industrial safety, and tactical contexts, while a Mossberg Flex shotgun stock adapter is a firearms accessory specific to law enforcement/military weapon platforms. They are not required accessories for each other, not typically purchased together as part of the same kit, and the pairing feels random rather than a practical upsell."
Helmets,54,65879.22,MOS-96022,"Mossberg Flex Conversion Kit, Stock Adapter, 12GA",67.2,,13,13,681.07,False,0.93,unrelated,"Helmets are PPE used across fire/rescue, industrial safety, and some tactical contexts, while a Mossberg Flex conversion kit is a firearm accessory specific to shotgun configuration. They are not required together, not part of the same kit build, and the pairing is functionally unrelated for most helmet purchasers."
Helmets,54,65879.22,MOS-96022,"Mossberg Flex Conversion Kit, Stock Adapter, 12GA",67.2,,13,13,681.07,False,0.93,unrelated,Helmets (fire/rescue or tactical head protection) and a Mossberg Flex shotgun stock conversion kit are not required accessories for each other and typically belong to different purchasing workflows; the pairing feels random rather than a kit-completing or maintenance add-on.
Inventory Blowout,54,36135.47,MOS-96022,"Mossberg Flex Conversion Kit, Stock Adapter, 12GA",67.2,,13,13,681.07,False,0.82,unrelated,"""Inventory Blowout"" is a clearance/assortment category, not a specific job-function purchase. A Mossberg Flex Conversion Kit is a niche firearms accessory relevant mainly to law enforcement/tactical users and is not a logical add-on to a generic blowout purchase. The pairing is effectively random at the category level."
Helmets,54,65879.22,TFS-WP-EDGE-ASST,"TheFireStore Deluxe ""Edge"" Upgraded Wack Pack",33.99,Helmets | Accessories,10,10,339.9,False,0.72,unrelated,"A helmet purchase is typically paired with helmet-specific accessories (shields, lights, mounts, liners, chin straps). TheFireStore Deluxe ""Edge"" Upgraded Wack Pack is not a standard required or commonly paired helmet accessory, so the connection is unclear and may feel random rather than a practical add-on."
Helmets,54,65879.22,TFS-WP-EDGE-ASST,"TheFireStore Deluxe ""Edge"" Upgraded Wack Pack",33.99,Helmets | Accessories,10,10,339.9,False,0.78,unrelated,"A helmet purchase is typically paired with helmet-specific accessories (shields, lights, mounts, liners, chin straps). TheFireStore Deluxe ""Edge"" Upgraded Wack Pack is not a standard, required, or commonly paired helmet accessory and appears unrelated to helmet use in the same job function."
Inventory Blowout,54,36135.47,TFS-WP-EDGE-ASST,"TheFireStore Deluxe ""Edge"" Upgraded Wack Pack",33.99,Helmets | Accessories,10,10,339.9,False,0.78,unrelated,"""Inventory Blowout"" is a clearance/assorted category rather than a specific job-function product type, so recommending a specific fire/rescue pack (Deluxe ""Edge"" Upgraded Wack Pack) is not a logical or consistently relevant upsell. The pairing is too random without knowing what item in the blowout category the customer is buying."
Helmets,54,65879.22,FNH-98891,"FNH SCAR 17S, 7.62 x 51mm, 10-round Magazine",53.39,,9,29,1548.31,False,0.98,unrelated,"Helmets (fire/rescue/industrial or tactical head protection) are not a logical upsell to a specific firearm (FNH SCAR 17S). They are not required accessories for each other, not typically purchased together as part of the same kit in a predictable way, and this pairing is likely random and professionally inappropriate for most helmet buyers."
Helmets,54,65879.22,FNH-98891,"FNH SCAR 17S, 7.62 x 51mm, 10-round Magazine",53.39,,9,29,1548.31,False,0.98,unrelated,"Helmets (fire/rescue/industrial/tactical head protection) are not a logical accessory or commonly paired item with a specific firearm (FNH SCAR 17S). They serve different procurement needs and job functions, and a helmet buyer would not realistically require this rifle as a related add-on."
Helmets,54,65879.22,FNH-98891,"FNH SCAR 17S, 7.62 x 51mm, 10-round Magazine",53.39,,9,29,1548.31,False,0.98,unrelated,"Helmets (fire/rescue/industrial or tactical head protection) are not a logical upsell to a specific firearm (FNH SCAR 17S). They are not required accessories for each other, not typically purchased together as part of the same kit in a predictable way, and this pairing is likely random and professionally inappropriate for most helmet buyers."
Inventory Blowout,54,36135.47,FNH-98891,"FNH SCAR 17S, 7.62 x 51mm, 10-round Magazine",53.39,,9,29,1548.31,False,0.86,unrelated,"""Inventory Blowout"" is a broad clearance category and does not indicate a specific job function or product type. Recommending a specific firearm/magazine (FNH SCAR 17S 10-round magazine) is not a logical accessory or complementary add-on to an unspecified blowout purchase, making the pairing feel random and not professionally targeted."
Helmets,54,65879.22,MOS-95300,"Mossberg Ghost Ring Sight Kit for 500, 590, 12 Gauge",119.0,,5,5,517.95,False,0.95,unrelated,Helmets (fire/rescue or tactical head protection) are not functionally related to a Mossberg Ghost Ring Sight Kit (shotgun firearm accessory). They are used in different contexts and are not required accessories or commonly purchased together as part of the same kit.
Helmets,54,65879.22,MOS-95300,"Mossberg Ghost Ring Sight Kit for 500, 590, 12 Gauge",119.0,,5,5,517.95,False,0.95,unrelated,"Helmets (fire/rescue/industrial/tactical head protection) are not functionally related to a Mossberg ghost ring sight kit (firearms accessory). They are not required accessories for each other, not typically purchased together as part of the same kit, and this pairing would feel random for most helmet buyers."
Helmets,54,65879.22,MOS-95300,"Mossberg Ghost Ring Sight Kit for 500, 590, 12 Gauge",119.0,,5,5,517.95,False,0.95,unrelated,"Helmets (fire/rescue, industrial, or tactical head protection) are not functionally related to a Mossberg ghost ring sight kit (a firearm accessory). They are used in different contexts and one is not an accessory or common companion to the other, making the pairing feel random for most helmet buyers."
Inventory Blowout,54,36135.47,MOS-95300,"Mossberg Ghost Ring Sight Kit for 500, 590, 12 Gauge",119.0,,5,5,517.95,False,0.86,unrelated,"""Inventory Blowout"" is a broad clearance category, not a specific product/job-function need. A Mossberg Ghost Ring Sight Kit is a niche firearm accessory relevant only to customers purchasing/using Mossberg 500/590 shotguns, so the pairing is effectively random without a firearm context."
Inventory Blowout,54,36135.47,CL-87,Channellock The 87 Rescue Tool,54.95,Custom Designs | Tools,4,4,232.79,False,0.82,unrelated,"""Inventory Blowout"" is a promotional/clearance category that can include many unrelated items, so it doesn’t indicate a specific job function or need. The Channellock 87 Rescue Tool is a specialized fire/rescue extrication tool; without knowing the blowout item is in fire/rescue, this upsell is likely random rather than a required or commonly paired add-on."
Helmets,54,65879.22,GLOCK-MF06781,Glock 26 9mm 10 Round OEM Factory Magazine with +2 Extension,33.39,,3,7,212.73,False,0.94,unrelated,"A helmet purchase (fire/rescue, industrial, or tactical head protection) does not inherently relate to a Glock 26 magazine extension. They are not required accessories to each other and are typically procured under different equipment needs/budgets, making the pairing feel random rather than a practical kit completion."
Helmets,54,65879.22,GLOCK-MF06781,Glock 26 9mm 10 Round OEM Factory Magazine with +2 Extension,33.39,,3,7,212.73,False,0.95,unrelated,"A helmet purchase (fire/rescue, industrial, or tactical head protection) does not inherently relate to a Glock 26 magazine extension; they are different equipment systems and not a required accessory or common kit completion item for most helmet buyers."
Helmets,54,65879.22,GLOCK-MF06781,Glock 26 9mm 10 Round OEM Factory Magazine with +2 Extension,33.39,,3,7,212.73,False,0.95,unrelated,"A helmet purchase (fire/rescue, industrial, or tactical head protection) does not logically require or commonly pair with a Glock 26 magazine extension; they serve different purposes and are not a standard kit-completion or maintenance add-on for helmets."
Inventory Blowout,54,36135.47,69140,Streamlight Vantage,139.99,Custom Designs | Helmets,3,6,839.94,False,0.78,unrelated,"""Inventory Blowout"" is a clearance/promotions bucket, not a specific job-function or product type. ""Streamlight Vantage"" is a specific helmet-mounted light line. Without knowing the blowout item, this pairing is too random and not reliably complementary or required."
Inventory Blowout,54,36135.47,GLOCK-MF06781,Glock 26 9mm 10 Round OEM Factory Magazine with +2 Extension,33.39,,3,7,212.73,False,0.86,unrelated,"""Inventory Blowout"" is a broad clearance category that can include many unrelated items; a Glock 26 magazine is only relevant to customers purchasing Glock 26/compatible firearm gear. Without a firearm-specific source context, this pairing is effectively random and not a required or commonly paired accessory."
Helmets by Brand,52,63716.64,MOS-95725,"Mossberg 702 Plinkster, .22LR, 25 Round Magazine & Loader",36.4,,31,52,1590.68,False,0.95,unrelated,Helmets by Brand (fire/rescue/industrial PPE) are not logically paired with a Mossberg 702 Plinkster .22LR magazine & loader (firearms accessory). They serve different job functions and are not required accessories or commonly used together as part of the same kit.
Helmets by Brand,52,63716.64,MOS-96022,"Mossberg Flex Conversion Kit, Stock Adapter, 12GA",67.2,,13,13,681.07,False,0.92,unrelated,Helmets (fire/rescue or tactical head protection) and a Mossberg Flex shotgun stock adapter/conversion kit are not required accessories for each other and typically serve different purchasing intents; pairing reads random rather than a practical kit completion.
Helmets by Brand,52,63716.64,TFS-WP-EDGE-ASST,"TheFireStore Deluxe ""Edge"" Upgraded Wack Pack",33.99,Helmets | Accessories,10,10,339.9,False,0.72,unrelated,"A helmet purchase is job-function specific (fire/rescue, tactical, industrial), while the Deluxe ""Edge"" Upgraded Wack Pack is not a required helmet accessory and is not clearly a standard companion item used with helmets in the field. Without a direct, common-use linkage (e.g., helmet lights, face shields, chin straps, helmet bags), this reads as a random add-on rather than a practical upsell."
Helmets by Brand,52,63716.64,FNH-98891,"FNH SCAR 17S, 7.62 x 51mm, 10-round Magazine",53.39,,9,29,1548.31,False,0.97,unrelated,"Helmets by brand (fire/rescue, industrial, or tactical head protection) do not have a direct, required, or commonly paired relationship with a specific firearm/magazine product. This crosses job functions and is not a practical kit-completion or maintenance add-on for helmet purchases."
Helmets by Brand,52,63716.64,MOS-95300,"Mossberg Ghost Ring Sight Kit for 500, 590, 12 Gauge",119.0,,5,5,517.95,False,0.93,unrelated,Helmets (fire/rescue/industrial PPE) and a Mossberg ghost ring sight kit (firearms accessory) are for different job functions and are not required accessories or commonly purchased together as part of the same kit.
Helmets by Brand,52,63716.64,GLOCK-MF06781,Glock 26 9mm 10 Round OEM Factory Magazine with +2 Extension,33.39,,3,7,212.73,False,0.93,unrelated,"Helmets by brand are typically fire/rescue or industrial PPE, while a Glock 26 magazine is a law-enforcement firearm accessory. They are not required together, not part of the same kit, and the pairing is functionally unrelated for most buyers."
Helmets by Job,46,56854.1,MOS-95725,"Mossberg 702 Plinkster, .22LR, 25 Round Magazine & Loader",36.4,,31,52,1590.68,False,0.95,unrelated,"Helmets by job (fire/rescue, industrial, tactical) are PPE, while a Mossberg 702 Plinkster magazine/loader is a firearms accessory. They are not required accessories for each other, not typically used together as part of the same kit purchase, and this pairing would feel random/unprofessional for most helmet buyers."
Helmets by Style,46,56854.1,MOS-95725,"Mossberg 702 Plinkster, .22LR, 25 Round Magazine & Loader",36.4,,31,52,1590.68,False,0.95,unrelated,"Helmets by style (fire/rescue, tactical, or industrial head protection) do not have a direct functional relationship with a Mossberg 702 Plinkster .22LR magazine/loader. This is a firearms accessory and not a required or commonly paired add-on for helmet purchases, making it a random cross-category suggestion."
Helmets by Job,46,56854.1,MOS-96022,"Mossberg Flex Conversion Kit, Stock Adapter, 12GA",67.2,,13,13,681.07,False,0.93,unrelated,Helmets by job (fire/EMS/industrial/tactical head protection) are not logically paired with a Mossberg Flex shotgun stock adapter conversion kit. They serve different functions and are not required accessories or commonly purchased together as part of the same kit.
Helmets by Style,46,56854.1,MOS-96022,"Mossberg Flex Conversion Kit, Stock Adapter, 12GA",67.2,,13,13,681.07,False,0.93,unrelated,"Helmets by style (fire/rescue, tactical, or industrial head protection) are not logically paired with a Mossberg Flex shotgun stock adapter/conversion kit. They serve different purposes and are not a required accessory or common same-kit companion for helmet purchases."
Helmets by Job,46,56854.1,TFS-WP-EDGE-ASST,"TheFireStore Deluxe ""Edge"" Upgraded Wack Pack",33.99,Helmets | Accessories,10,10,339.9,False,0.74,unrelated,"A helmet purchase is job-specific PPE, while the 'Deluxe Edge Upgraded Wack Pack' appears to be a novelty/packaged item rather than a required helmet accessory or a standard complementary safety component. It does not clearly complete, maintain, or enable helmet use in the same job function."
Helmets by Style,46,56854.1,TFS-WP-EDGE-ASST,"TheFireStore Deluxe ""Edge"" Upgraded Wack Pack",33.99,Helmets | Accessories,10,10,339.9,False,0.72,unrelated,"A helmet purchase is typically paired with helmet-specific accessories (shields, liners, lights, mounts, chin straps). TheFireStore Deluxe ""Edge"" Upgraded Wack Pack appears to be a novelty/prank item rather than operational safety gear, so it is not a professional or job-function-relevant upsell for customers buying helmets."
Helmets by Job,46,56854.1,FNH-98891,"FNH SCAR 17S, 7.62 x 51mm, 10-round Magazine",53.39,,9,29,1548.31,False,0.96,unrelated,“Helmets by Job” (fire/EMS/industrial/tactical head protection) does not logically pair with a specific firearm product (FNH SCAR 17S magazine). They are not required accessories for each other and typically belong to different purchasing workflows and approvals.
Helmets by Style,46,56854.1,FNH-98891,"FNH SCAR 17S, 7.62 x 51mm, 10-round Magazine",53.39,,9,29,1548.31,False,0.98,unrelated,"Helmets by style (likely fire/rescue/industrial/tactical head protection) do not have a direct, required, or common-use relationship with a specific firearm/magazine product. This crosses job functions and is not a practical kit-completion or accessory pairing."
Helmets by Job,46,56854.1,MOS-95300,"Mossberg Ghost Ring Sight Kit for 500, 590, 12 Gauge",119.0,,5,5,517.95,False,0.93,unrelated,"Helmets by job (fire/EMS/industrial/tactical head protection) are not directly related to a Mossberg ghost ring sight kit, which is a firearm accessory. They are different equipment systems and not a required or commonly paired purchase in the same workflow; recommending a shotgun sight kit to someone shopping helmets is likely random and unprofessional."
Helmets by Style,46,56854.1,MOS-95300,"Mossberg Ghost Ring Sight Kit for 500, 590, 12 Gauge",119.0,,5,5,517.95,False,0.93,unrelated,"Helmets by style are typically fire/rescue, industrial safety, or tactical protective headgear, while a Mossberg ghost ring sight kit is a firearm accessory for a shotgun. They are not required together, not part of the same kit build, and generally serve different purchasing intents/job functions, making the pairing feel random."
Helmets by Job,46,56854.1,GLOCK-MF06781,Glock 26 9mm 10 Round OEM Factory Magazine with +2 Extension,33.39,,3,7,212.73,False,0.95,unrelated,"Helmets by job (fire/rescue, tactical, industrial) are not directly related to a Glock 26 magazine extension; they are different equipment types and not a required accessory or common kit pairing for most helmet purchases."
Helmets by Style,46,56854.1,GLOCK-MF06781,Glock 26 9mm 10 Round OEM Factory Magazine with +2 Extension,33.39,,3,7,212.73,False,0.95,unrelated,Helmets (fire/rescue or tactical head protection) and a Glock 26 magazine extension are not required accessories for each other and typically serve different procurement needs; pairing reads random rather than a practical kit completion.
New Products,44,15838.85,MOS-95725,"Mossberg 702 Plinkster, .22LR, 25 Round Magazine & Loader",36.4,,31,52,1590.68,False,0.86,unrelated,"""New Products"" is a broad, non-specific source category, so recommending a specific firearm magazine/loader is not logically complementary or tied to the same job function for most shoppers; it will feel random unless the shopper is already viewing Mossberg 702/LE firearms items."
New Products,44,15838.85,MOS-96022,"Mossberg Flex Conversion Kit, Stock Adapter, 12GA",67.2,,13,13,681.07,False,0.78,unrelated,"""New Products"" is a broad, non-functional source category; a Mossberg Flex Conversion Kit is a specific firearms accessory relevant mainly to law enforcement/tactical users. Without knowing the specific new product being purchased (e.g., a Mossberg shotgun), this pairing is not logically complementary and will often be random."
New Products,44,15838.85,TFS-WP-EDGE-ASST,"TheFireStore Deluxe ""Edge"" Upgraded Wack Pack",33.99,Helmets | Accessories,10,10,339.9,False,0.86,unrelated,"""New Products"" is a broad, non-specific source category spanning many job functions, while the TheFireStore Deluxe ""Edge"" Upgraded Wack Pack is a specific fire/rescue tool kit. Without knowing the customer is shopping fire/rescue items, this recommendation is likely random and not a required or commonly paired add-on."
New Products,44,15838.85,FNH-98891,"FNH SCAR 17S, 7.62 x 51mm, 10-round Magazine",53.39,,9,29,1548.31,False,0.9,unrelated,"""New Products"" is a broad, non-specific source category; recommending a specific firearm magazine (FNH SCAR 17S 10-round) is not logically tied to most new-product purchases and is unlikely to be required or commonly paired unless the customer is already buying a SCAR 17S rifle or related accessories."
New Products,44,15838.85,MOS-95300,"Mossberg Ghost Ring Sight Kit for 500, 590, 12 Gauge",119.0,,5,5,517.95,False,0.86,unrelated,"""New Products"" is a broad, non-specific source category and does not indicate the customer is purchasing a Mossberg 500/590 shotgun or related firearm accessory. The Ghost Ring Sight Kit is only relevant to a specific shotgun platform, so recommending it from a generic category is likely random rather than a practical cross-sell."
New Products,44,15838.85,CL-87,Channellock The 87 Rescue Tool,54.95,Custom Designs | Tools,4,4,232.79,False,0.78,unrelated,"""New Products"" is a broad, non-functional category; without knowing what the customer is buying, recommending a specific rescue tool is not a logical accessory/complement and will often be unrelated to the shopper’s job function."
New Products,44,15838.85,69140,Streamlight Vantage,139.99,Custom Designs | Helmets,3,6,839.94,False,0.72,unrelated,"""New Products"" is a broad, non-functional category that can include many unrelated items, so recommending a specific product line (Streamlight Vantage helmet light) is not reliably complementary or required for most purchases in that category."
New Products,44,15838.85,GLOCK-MF06781,Glock 26 9mm 10 Round OEM Factory Magazine with +2 Extension,33.39,,3,7,212.73,False,0.86,unrelated,"""New Products"" is a broad, non-specific source category; a Glock 26 magazine is only relevant if the customer is purchasing Glock 26-related firearms/accessories. As a general upsell from ""New Products,"" this is likely random and not reliably complementary to the shopper’s intent."
Leather Helmets,42,56387.43,MOS-95725,"Mossberg 702 Plinkster, .22LR, 25 Round Magazine & Loader",36.4,,31,52,1590.68,False,0.98,unrelated,"Leather helmets are fire/rescue PPE, while the Mossberg 702 Plinkster is a firearm; they are not used together in the same job function and there is no practical accessory or kit-completion relationship for typical buyers."
All Leather Helmets,42,56387.43,MOS-95725,"Mossberg 702 Plinkster, .22LR, 25 Round Magazine & Loader",36.4,,31,52,1590.68,False,0.98,unrelated,"All leather helmets are fire/rescue PPE, while the Mossberg 702 Plinkster firearm accessory is law-enforcement/tactical oriented. They are not used together in the same job function, and a customer purchasing a leather fire helmet would not realistically need a .22LR magazine/loader as a related add-on."
Leather Helmets,42,56387.43,MOS-96022,"Mossberg Flex Conversion Kit, Stock Adapter, 12GA",67.2,,13,13,681.07,False,0.93,unrelated,"Leather helmets are fire/rescue PPE, while a Mossberg Flex conversion kit is a firearm accessory for law enforcement/tactical use. They are not used together in the same job function and there is no practical accessory or kit-completion relationship."
All Leather Helmets,42,56387.43,MOS-96022,"Mossberg Flex Conversion Kit, Stock Adapter, 12GA",67.2,,13,13,681.07,False,0.95,unrelated,"All leather helmets are primarily fire/rescue PPE, while a Mossberg Flex conversion kit is a firearm accessory for law enforcement/tactical use. They are not used together in the same job function and the pairing appears random rather than a practical add-on."
Leather Helmets,42,56387.43,FNH-98891,"FNH SCAR 17S, 7.62 x 51mm, 10-round Magazine",53.39,,9,29,1548.31,False,0.98,unrelated,"Leather helmets are primarily fire/rescue PPE, while the FNH SCAR 17S is a tactical firearm for law enforcement/military. They are not required accessories, not used together in the same job function, and the pairing is effectively random for a customer purchasing a leather helmet."
All Leather Helmets,42,56387.43,FNH-98891,"FNH SCAR 17S, 7.62 x 51mm, 10-round Magazine",53.39,,9,29,1548.31,False,0.98,unrelated,"All Leather Helmets are typically fire/rescue PPE, while an FNH SCAR 17S rifle is a law enforcement/military firearm product. They are not used together in the same job function and the pairing is not a practical accessory or kit-completion recommendation."
Leather Helmets,42,56387.43,MOS-95300,"Mossberg Ghost Ring Sight Kit for 500, 590, 12 Gauge",119.0,,5,5,517.95,False,0.96,unrelated,"Leather helmets are fire/rescue PPE, while a Mossberg ghost ring sight kit is a firearms accessory for law enforcement/tactical use. They are not used together in the same job function and there is no practical accessory or kit-completion relationship."
All Leather Helmets,42,56387.43,MOS-95300,"Mossberg Ghost Ring Sight Kit for 500, 590, 12 Gauge",119.0,,5,5,517.95,False,0.97,unrelated,"All Leather Helmets are fire/rescue PPE, while a Mossberg ghost ring sight kit is a firearm accessory for law enforcement/tactical use. They are not used together in the same job function and a helmet buyer would not realistically need a shotgun sight as a related add-on."
Leather Helmets,42,56387.43,GLOCK-MF06781,Glock 26 9mm 10 Round OEM Factory Magazine with +2 Extension,33.39,,3,7,212.73,False,0.96,unrelated,"Leather helmets are fire/rescue PPE, while a Glock 26 magazine is a law-enforcement firearm accessory. They are not used together in the same job function and there is no practical accessory or kit-completion relationship."
All Leather Helmets,42,56387.43,GLOCK-MF06781,Glock 26 9mm 10 Round OEM Factory Magazine with +2 Extension,33.39,,3,7,212.73,False,0.97,unrelated,"All Leather Helmets are fire/rescue PPE, while a Glock 26 magazine is a law-enforcement firearm accessory. They are not used together in the same job function and there is no practical accessory or kit-completion relationship."
Structural Fire Helmets,38,53729.19,MOS-95725,"Mossberg 702 Plinkster, .22LR, 25 Round Magazine & Loader",36.4,,31,52,1590.68,False,0.98,unrelated,"Structural fire helmets are fire/rescue PPE, while the Mossberg 702 Plinkster is a firearm accessory item for law enforcement/tactical or sporting use. They are not used together in the same job function, and a customer purchasing a structural fire helmet would not realistically need a .22LR rifle magazine/loader as a related add-on."
Structural Fire Helmets,38,53729.19,MOS-96022,"Mossberg Flex Conversion Kit, Stock Adapter, 12GA",67.2,,13,13,681.07,False,0.97,unrelated,"Structural fire helmets are fire/rescue PPE, while a Mossberg Flex conversion kit is a firearms accessory for law enforcement/tactical use. They are not used together in the same job function and there is no practical accessory or kit-completion relationship."
Structural Fire Helmets,38,53729.19,FNH-98891,"FNH SCAR 17S, 7.62 x 51mm, 10-round Magazine",53.39,,9,29,1548.31,False,0.98,unrelated,"Structural fire helmets are fire/rescue PPE, while the FNH SCAR 17S rifle is a law-enforcement/military firearm. They are not used together in the same job function, the rifle is not an accessory or required add-on for a helmet purchase, and the pairing appears random and unprofessional for upsell purposes."
Structural Fire Helmets,38,53729.19,MOS-95300,"Mossberg Ghost Ring Sight Kit for 500, 590, 12 Gauge",119.0,,5,5,517.95,False,0.97,unrelated,"Structural fire helmets are fire/rescue PPE, while a Mossberg ghost ring sight kit is a firearm accessory for law enforcement/tactical use. They are not used together in the same job function and there is no practical accessory/complement relationship for a firefighter helmet purchase."
Structural Fire Helmets,38,53729.19,GLOCK-MF06781,Glock 26 9mm 10 Round OEM Factory Magazine with +2 Extension,33.39,,3,7,212.73,False,0.97,unrelated,"Structural fire helmets are fire/rescue PPE, while a Glock 26 magazine is a law-enforcement firearm accessory. They are not used together in the same job function and a firefighter purchasing a helmet would not realistically need a pistol magazine as part of that purchase."
Cairns Helmets,37,44153.33,MOS-95725,"Mossberg 702 Plinkster, .22LR, 25 Round Magazine & Loader",36.4,,31,52,1590.68,False,0.98,unrelated,"Cairns helmets are fire/rescue PPE, while the Mossberg 702 Plinkster is a .22LR firearm accessory item for law enforcement/tactical or recreational shooting. They are not used together in the same job function, and a customer buying a fire helmet would not realistically need a rifle/magazine/loader as a required or common companion purchase."
Top Helmets,37,49611.37,MOS-95725,"Mossberg 702 Plinkster, .22LR, 25 Round Magazine & Loader",36.4,,31,52,1590.68,False,0.96,unrelated,"Top helmets are protective headgear typically for fire/rescue, industrial safety, or tactical PPE, while the Mossberg 702 Plinkster is a firearm package. They are not required accessories for each other and are not commonly purchased together as part of the same kit; this pairing feels random and crosses job functions."
Cairns Helmets,37,44153.33,MOS-96022,"Mossberg Flex Conversion Kit, Stock Adapter, 12GA",67.2,,13,13,681.07,False,0.97,unrelated,"Cairns helmets are fire/rescue PPE, while a Mossberg Flex conversion kit is a firearm accessory for law enforcement/tactical use. They are not required accessories for each other, not commonly used together in the same job function, and the pairing appears random."
Top Helmets,37,49611.37,MOS-96022,"Mossberg Flex Conversion Kit, Stock Adapter, 12GA",67.2,,13,13,681.07,False,0.93,unrelated,"A Top Helmet (head protection) and a Mossberg Flex Conversion Kit (shotgun stock adapter) serve different purposes and are not required accessories or commonly used together as part of the same kit. Even within law enforcement/tactical roles, helmet purchases don’t realistically imply a need for a specific shotgun conversion component."
Cairns Helmets,37,44153.33,FNH-98891,"FNH SCAR 17S, 7.62 x 51mm, 10-round Magazine",53.39,,9,29,1548.31,False,0.98,unrelated,"Cairns helmets are fire/rescue PPE, while an FNH SCAR 17S rifle magazine is a firearms accessory for law enforcement/military. They are not used together in the same job function and the pairing is not a practical or required add-on for a helmet purchase."
Top Helmets,37,49611.37,FNH-98891,"FNH SCAR 17S, 7.62 x 51mm, 10-round Magazine",53.39,,9,29,1548.31,False,0.98,unrelated,"Top helmets are protective headgear (fire/rescue/industrial/tactical PPE), while an FNH SCAR 17S rifle is a firearms product. They are not required accessories for each other and are typically procured under different programs/job functions; recommending a rifle to someone buying helmets is not a practical or professional cross-sell."
Cairns Helmets,37,44153.33,MOS-95300,"Mossberg Ghost Ring Sight Kit for 500, 590, 12 Gauge",119.0,,5,5,517.95,False,0.96,unrelated,"Cairns helmets are fire/rescue PPE, while a Mossberg ghost ring sight kit is a firearm accessory for law enforcement/tactical use. They are not used together in the same job function and there is no required or practical linkage for a customer purchasing a fire helmet to also need a shotgun sight kit."
Top Helmets,37,49611.37,MOS-95300,"Mossberg Ghost Ring Sight Kit for 500, 590, 12 Gauge",119.0,,5,5,517.95,False,0.95,unrelated,"Top helmets are protective headgear (fire/rescue/industrial), while a Mossberg ghost ring sight kit is a firearm accessory for a shotgun. They are not used together in the same job function and a helmet buyer would not realistically need a shotgun sight as part of that purchase."
Cairns Helmets,37,44153.33,GLOCK-MF06781,Glock 26 9mm 10 Round OEM Factory Magazine with +2 Extension,33.39,,3,7,212.73,False,0.98,unrelated,"Cairns helmets are fire/rescue PPE, while a Glock 26 magazine is a law enforcement firearm accessory. They are not used together in the same job function and a helmet buyer would not realistically need a pistol magazine as a related add-on."
Top Helmets,37,49611.37,GLOCK-MF06781,Glock 26 9mm 10 Round OEM Factory Magazine with +2 Extension,33.39,,3,7,212.73,False,0.93,unrelated,Top helmets (fire/rescue or protective headgear) and a Glock 26 magazine are for different job functions and are not required accessories or commonly purchased together as part of the same kit. This pairing appears random and not a practical cross-sell.
MSA Cairns Helmets,36,42600.74,MOS-95725,"Mossberg 702 Plinkster, .22LR, 25 Round Magazine & Loader",36.4,,31,52,1590.68,False,0.97,unrelated,"MSA Cairns helmets are fire/rescue PPE, while the Mossberg 702 Plinkster firearm accessory is law enforcement/tactical. They are not required accessories or commonly used together in the same job function, making the pairing feel random and unprofessional for an upsell."
MSA Cairns Helmets,36,42600.74,MOS-96022,"Mossberg Flex Conversion Kit, Stock Adapter, 12GA",67.2,,13,13,681.07,False,0.95,unrelated,"MSA Cairns Helmets are fire/rescue PPE, while a Mossberg Flex 12GA stock adapter is a firearms accessory for law enforcement/tactical use. They are not required accessories for each other, not typically used together in the same kit, and the pairing is functionally unrelated for most buyers."
MSA Cairns Helmets,36,42600.74,FNH-98891,"FNH SCAR 17S, 7.62 x 51mm, 10-round Magazine",53.39,,9,29,1548.31,False,0.98,unrelated,"MSA Cairns helmets are fire/rescue PPE, while an FNH SCAR 17S rifle magazine is a law-enforcement/military firearm accessory. They are not used together in the same job function and a buyer of fire helmets would not realistically need a rifle magazine as an upsell."
MSA Cairns Helmets,36,42600.74,MOS-95300,"Mossberg Ghost Ring Sight Kit for 500, 590, 12 Gauge",119.0,,5,5,517.95,False,0.97,unrelated,"MSA Cairns helmets are fire/rescue PPE, while a Mossberg ghost ring sight kit is a firearm accessory for shotguns. They serve different job functions and are not required accessories or commonly used together in the field for the same buyer context."
MSA Cairns Helmets,36,42600.74,GLOCK-MF06781,Glock 26 9mm 10 Round OEM Factory Magazine with +2 Extension,33.39,,3,7,212.73,False,0.97,unrelated,"MSA Cairns helmets are fire/rescue PPE, while a Glock 26 magazine is a law-enforcement firearm accessory. They are not required accessories for each other and are typically purchased for different job functions, making the pairing feel random and unprofessional."
Traditional Leather Helmets,34,47362.31,MOS-95725,"Mossberg 702 Plinkster, .22LR, 25 Round Magazine & Loader",36.4,,31,52,1590.68,False,0.97,unrelated,"Traditional leather helmets are fire/rescue PPE, while the Mossberg 702 Plinkster (.22LR) with magazine/loader is a firearm product for law enforcement/tactical or recreational use. They are not required accessories, not used together in the same job function, and the pairing appears random rather than a practical kit completion."
Traditional Leather Helmets,34,47362.31,MOS-96022,"Mossberg Flex Conversion Kit, Stock Adapter, 12GA",67.2,,13,13,681.07,False,0.95,unrelated,"Traditional leather helmets are fire/rescue PPE, while a Mossberg Flex conversion kit is a firearms accessory for law enforcement/tactical use. They are not used together in the same job function and there is no practical accessory or kit-completion relationship."
Traditional Leather Helmets,34,47362.31,FNH-98891,"FNH SCAR 17S, 7.62 x 51mm, 10-round Magazine",53.39,,9,29,1548.31,False,0.98,unrelated,"Traditional leather helmets are fire/rescue PPE, while the FNH SCAR 17S is a tactical firearm for law enforcement/military use. They are not used together in the same job function, and a customer buying a fire helmet would not realistically need a rifle as an upsell."
Traditional Leather Helmets,34,47362.31,MOS-95300,"Mossberg Ghost Ring Sight Kit for 500, 590, 12 Gauge",119.0,,5,5,517.95,False,0.95,unrelated,"Traditional leather helmets are fire/rescue PPE, while a Mossberg ghost ring sight kit is a firearm accessory for law enforcement/tactical use. They are not used together in the same job function and there is no required or practical linkage for most buyers."
Traditional Leather Helmets,34,47362.31,GLOCK-MF06781,Glock 26 9mm 10 Round OEM Factory Magazine with +2 Extension,33.39,,3,7,212.73,False,0.97,unrelated,"Traditional leather helmets are fire/rescue PPE, while a Glock 26 magazine is a law-enforcement firearm accessory. They are not used together in the same job function and there is no required or practical linkage for most buyers."
A Few of Our Favorite Things,29,18359.58,MOS-95725,"Mossberg 702 Plinkster, .22LR, 25 Round Magazine & Loader",36.4,,31,52,1590.68,False,0.86,unrelated,"""A Few of Our Favorite Things"" is a generic/assorted category and does not imply a firearms purchase or related need. A Mossberg 702 Plinkster magazine & loader is a specific firearm accessory tied to a particular weapon platform, so the pairing is not a clear same-job-function complement and would feel random without an explicit firearms context."
A Few of Our Favorite Things,29,18359.58,MOS-96022,"Mossberg Flex Conversion Kit, Stock Adapter, 12GA",67.2,,13,13,681.07,False,0.86,unrelated,"""A Few of Our Favorite Things"" is a generic/curated category that can span many unrelated products, so it does not imply a shotgun platform purchase. A Mossberg Flex Conversion Kit is a specific firearm accessory only relevant to customers who already own/are buying a compatible Mossberg shotgun, making this pairing feel random at the category level."
A Few of Our Favorite Things,29,18359.58,TFS-WP-EDGE-ASST,"TheFireStore Deluxe ""Edge"" Upgraded Wack Pack",33.99,Helmets | Accessories,10,10,339.9,False,0.72,unrelated,"""A Few of Our Favorite Things"" is a generic/assorted category and doesn’t indicate a specific job function or primary item being purchased, while the ""Deluxe Edge Upgraded Wack Pack"" is a specific fire/rescue-oriented bundle. Without a clear source product need (e.g., forcible entry tools, rescue kit), this reads as a random upsell rather than a required or commonly paired add-on."
A Few of Our Favorite Things,29,18359.58,FNH-98891,"FNH SCAR 17S, 7.62 x 51mm, 10-round Magazine",53.39,,9,29,1548.31,False,0.86,unrelated,"""A Few of Our Favorite Things"" is a generic/curated assortment category and does not imply a specific job function or primary product need. Recommending an FNH SCAR 17S 10-round magazine is highly specific to a particular firearm platform and would only be relevant if the customer is already purchasing that rifle or related SCAR accessories. As a category-to-category upsell, this pairing is effectively random and not a practical required/complementary add-on."
A Few of Our Favorite Things,29,18359.58,MOS-95300,"Mossberg Ghost Ring Sight Kit for 500, 590, 12 Gauge",119.0,,5,5,517.95,False,0.86,unrelated,"""A Few of Our Favorite Things"" is a generic/curated assortment category and does not indicate the customer is purchasing a Mossberg 500/590 shotgun or related firearm accessories. A Mossberg ghost ring sight kit is only relevant to customers outfitting those specific shotguns, so this pairing is not a reliable, job-function-aligned upsell."
A Few of Our Favorite Things,29,18359.58,CL-87,Channellock The 87 Rescue Tool,54.95,Custom Designs | Tools,4,4,232.79,False,0.78,unrelated,"""A Few of Our Favorite Things"" is a generic/curated collection rather than a specific job-function purchase intent, so recommending a specialized Channellock 87 Rescue Tool (fire/rescue extrication) is not reliably complementary and will often feel random unless the source items are explicitly rescue-focused."
A Few of Our Favorite Things,29,18359.58,69140,Streamlight Vantage,139.99,Custom Designs | Helmets,3,6,839.94,False,0.72,unrelated,"""A Few of Our Favorite Things"" appears to be a generic/curated assortment rather than a specific job-function purchase category, so recommending a specific product line (Streamlight Vantage helmet light) is not reliably complementary or required. It could fit some fire/industrial users, but the relationship is too broad and risks being random at category level."
A Few of Our Favorite Things,29,18359.58,GLOCK-MF06781,Glock 26 9mm 10 Round OEM Factory Magazine with +2 Extension,33.39,,3,7,212.73,False,0.86,unrelated,"The source category appears to be a generic/curated assortment (“A Few of Our Favorite Things”) rather than a specific law-enforcement firearm product. A Glock 26 magazine with +2 extension is only relevant to customers purchasing Glock 26-related duty/weapon gear, so the pairing is not reliably complementary and will feel random for most shoppers in the source category."
Gloves,28,2829.55,MOS-95725,"Mossberg 702 Plinkster, .22LR, 25 Round Magazine & Loader",36.4,,31,52,1590.68,False,0.93,unrelated,"Gloves are general PPE used across many roles, while a Mossberg 702 Plinkster rifle magazine/loader is a firearms-specific accessory. They are not required together, not part of the same standard kit purchase flow, and the pairing feels random rather than a practical cross-sell."
Accessories,28,1978.85,MOS-95725,"Mossberg 702 Plinkster, .22LR, 25 Round Magazine & Loader",36.4,,31,52,1590.68,False,0.92,unrelated,"""Accessories"" is too broad and not inherently tied to a specific firearm platform; recommending a Mossberg 702 Plinkster .22LR magazine & loader is only sensible when the customer is buying that rifle or related Mossberg 702 items. As a general upsell from an accessories category, it’s likely random and not a required or commonly paired add-on."
Gloves,28,2829.55,MOS-96022,"Mossberg Flex Conversion Kit, Stock Adapter, 12GA",67.2,,13,13,681.07,False,0.93,unrelated,"Gloves are general PPE used across many roles, while a Mossberg Flex conversion kit is a firearm-specific accessory. They are not required together, not part of the same kit completion flow, and the pairing would feel random unless the customer is explicitly shopping for shotgun components."
Accessories,28,1978.85,MOS-96022,"Mossberg Flex Conversion Kit, Stock Adapter, 12GA",67.2,,13,13,681.07,False,0.86,unrelated,"""Accessories"" is too broad and not tied to a specific platform or job function; a Mossberg Flex Conversion Kit (shotgun stock adapter) is only relevant to customers purchasing Mossberg Flex shotgun components. As a generic upsell from Accessories, it will feel random and not a required or commonly paired add-on."
Gloves,28,2829.55,TFS-WP-EDGE-ASST,"TheFireStore Deluxe ""Edge"" Upgraded Wack Pack",33.99,Helmets | Accessories,10,10,339.9,False,0.86,unrelated,"Gloves are a broad PPE item used across many roles, while the Deluxe ""Edge"" Upgraded Wack Pack is a specialized fire/rescue tool kit. They are not a required accessory to each other and don’t reliably belong to the same purchase intent, making the pairing feel random at category level."
Accessories,28,1978.85,TFS-WP-EDGE-ASST,"TheFireStore Deluxe ""Edge"" Upgraded Wack Pack",33.99,Helmets | Accessories,10,10,339.9,False,0.78,unrelated,"""Accessories"" is too broad to imply a specific need for a Deluxe ""Edge"" Upgraded Wack Pack; without a clear link (e.g., customer is buying a compatible wack pack component), this reads as a random jump rather than a required or commonly paired add-on within the same task."
Gloves,28,2829.55,FNH-98891,"FNH SCAR 17S, 7.62 x 51mm, 10-round Magazine",53.39,,9,29,1548.31,False,0.95,unrelated,"Gloves are general PPE used across many roles, while an FNH SCAR 17S magazine is a specific firearms accessory relevant only to certain tactical users. This is not a required accessory for gloves, not a typical kit-completion pairing, and would be random for most glove purchasers."
Accessories,28,1978.85,FNH-98891,"FNH SCAR 17S, 7.62 x 51mm, 10-round Magazine",53.39,,9,29,1548.31,False,0.93,unrelated,"""Accessories"" is too broad and not specifically tied to an FNH SCAR 17S 10-round magazine; without the customer clearly purchasing a SCAR 17S rifle or related firearm components, this reads as a random, job-function-mismatched upsell rather than a required or commonly paired add-on."
Gloves,28,2829.55,MOS-95300,"Mossberg Ghost Ring Sight Kit for 500, 590, 12 Gauge",119.0,,5,5,517.95,False,0.93,unrelated,"Gloves are general PPE used across many roles, while a Mossberg ghost ring sight kit is a firearm-specific accessory for a shotgun. There’s no direct, required, or typical field-use linkage between buying gloves and needing a shotgun sight kit, making this feel random rather than a practical cross-sell."
Accessories,28,1978.85,MOS-95300,"Mossberg Ghost Ring Sight Kit for 500, 590, 12 Gauge",119.0,,5,5,517.95,False,0.78,unrelated,"""Accessories"" is too broad and not tied to firearms/shotgun use; a Mossberg ghost ring sight kit is only relevant to customers buying Mossberg 500/590 shotgun parts or specific law-enforcement/tactical firearm accessories, making this pairing feel random at the category level."
Gloves,28,2829.55,CL-87,Channellock The 87 Rescue Tool,54.95,Custom Designs | Tools,4,4,232.79,False,0.78,unrelated,"Gloves are a broad PPE item used across many roles, while the Channellock 87 Rescue Tool is a specialized extrication/rescue tool. They are not a required accessory to each other, and most glove purchasers (e.g., law enforcement duty gloves, industrial work gloves) would not realistically need a rescue tool at the same time."
Accessories,28,1978.85,CL-87,Channellock The 87 Rescue Tool,54.95,Custom Designs | Tools,4,4,232.79,False,0.78,unrelated,"""Accessories"" is too broad and not tied to a specific tool/kit; a Channellock 87 Rescue Tool is a specialized extrication/rescue tool, not a typical add-on to generic accessories. This pairing feels random unless the accessory is explicitly rescue-tool related (e.g., holster/sheath, pouch, lanyard)."
Gloves,28,2829.55,GLOCK-MF06781,Glock 26 9mm 10 Round OEM Factory Magazine with +2 Extension,33.39,,3,7,212.73,False,0.9,unrelated,"Gloves are a broad PPE/apparel item used across many roles, while a Glock 26 magazine is a firearm-specific accessory relevant only to certain law enforcement/tactical users. There’s no direct required or common-use linkage from buying gloves to needing a specific pistol magazine, making the pairing feel random at category level."
Accessories,28,1978.85,69140,Streamlight Vantage,139.99,Custom Designs | Helmets,3,6,839.94,False,0.62,unrelated,"""Accessories"" is too broad and non-specific; Streamlight Vantage is a specific helmet-mounted firefighter light, which only complements certain accessory purchases (e.g., helmet mounts/straps) and is not a generally sensible upsell from the entire Accessories category."
Accessories,28,1978.85,GLOCK-MF06781,Glock 26 9mm 10 Round OEM Factory Magazine with +2 Extension,33.39,,3,7,212.73,False,0.78,unrelated,"""Accessories"" is too broad and not inherently tied to Glock 26 ownership; a Glock 26 OEM magazine with +2 extension is only relevant if the customer is purchasing Glock 26-related items (firearm, holster, mag carrier, duty gear). As a general upsell from the Accessories category, it’s likely random and not reliably complementary."
Personal Protective Equipment,24,29385.87,MOS-95725,"Mossberg 702 Plinkster, .22LR, 25 Round Magazine & Loader",36.4,,31,52,1590.68,False,0.95,unrelated,"Personal Protective Equipment is a broad safety category (PPE) used across fire/EMS/industrial roles, while the Mossberg 702 Plinkster magazine & loader is a firearms accessory specific to shooting/training. They are not required together, not part of the same typical kit, and the pairing appears random for most PPE purchases."
Personal Protective Equipment,24,29385.87,MOS-96022,"Mossberg Flex Conversion Kit, Stock Adapter, 12GA",67.2,,13,13,681.07,False,0.93,unrelated,"Personal Protective Equipment is a broad safety/PPE purchase, while a Mossberg Flex shotgun stock adapter is a firearms accessory. They are not required together, not part of the same kit, and PPE buyers would not realistically need a specific shotgun conversion component unless they are explicitly outfitting firearms—making this pairing feel random and unprofessional at category level."
Personal Protective Equipment,24,29385.87,TFS-WP-EDGE-ASST,"TheFireStore Deluxe ""Edge"" Upgraded Wack Pack",33.99,Helmets | Accessories,10,10,339.9,False,0.78,unrelated,"“Personal Protective Equipment” is a broad category (respiratory, eye/ear, gloves, hi-vis, etc.), while the TheFireStore Deluxe “Edge” Upgraded Wack Pack is a specific fire/rescue tool/pack item. PPE buyers are not necessarily in the same job function or purchase context as someone needing a specialized fire/rescue pack, so this reads as random rather than a required or commonly paired add-on."
Personal Protective Equipment,24,29385.87,FNH-98891,"FNH SCAR 17S, 7.62 x 51mm, 10-round Magazine",53.39,,9,29,1548.31,False,0.97,unrelated,"Personal Protective Equipment is a broad safety/PPE category, while an FNH SCAR 17S magazine is a firearm-specific accessory for a particular weapon platform. They are not required together, not typically purchased in the same procurement workflow, and represent different job functions (general safety vs. firearms)."
Personal Protective Equipment,24,29385.87,MOS-95300,"Mossberg Ghost Ring Sight Kit for 500, 590, 12 Gauge",119.0,,5,5,517.95,False,0.93,unrelated,"Personal Protective Equipment is a broad safety/PPE purchase, while a Mossberg ghost ring sight kit is a firearm accessory for specific shotguns. They are not required together, not part of the same kit/outfit, and only overlap for a subset of law enforcement customers—making this feel random at category level."
Personal Protective Equipment,24,29385.87,CL-87,Channellock The 87 Rescue Tool,54.95,Custom Designs | Tools,4,4,232.79,False,0.78,unrelated,"Personal Protective Equipment is a broad category (gloves, eye/ear protection, respirators, etc.) and does not inherently imply a need for an extrication/rescue tool. The Channellock 87 Rescue Tool is job-function specific (rescue/extrication) and is not a required accessory or common companion purchase for most PPE buyers, making the pairing feel random at category level."
Personal Protective Equipment,24,29385.87,GLOCK-MF06781,Glock 26 9mm 10 Round OEM Factory Magazine with +2 Extension,33.39,,3,7,212.73,False,0.93,unrelated,"Personal Protective Equipment is a broad safety/PPE purchase (e.g., gloves, eye/respiratory protection) and does not inherently relate to a Glock 26 magazine extension. This crosses job functions (industrial/medical/fire PPE vs. firearms accessory) and is not a required or commonly paired add-on for PPE purchases."
Donations,23,58.0,MOS-95725,"Mossberg 702 Plinkster, .22LR, 25 Round Magazine & Loader",36.4,,31,52,1590.68,False,0.95,unrelated,"A donation purchase is not tied to any specific operational need or job function, and it does not logically imply a need for a Mossberg 702 Plinkster .22LR magazine/loader. This pairing appears random rather than a required accessory or complementary field item."
Men's,23,8869.2,MOS-95725,"Mossberg 702 Plinkster, .22LR, 25 Round Magazine & Loader",36.4,,31,52,1590.68,False,0.93,unrelated,"""Men's"" is a broad apparel category and does not inherently indicate a firearms purchase intent; recommending a Mossberg 702 Plinkster magazine/loader is not a logical accessory or complementary add-on to generic men's clothing and is likely random/out-of-context for most buyers."
Boots,23,8869.2,MOS-95725,"Mossberg 702 Plinkster, .22LR, 25 Round Magazine & Loader",36.4,,31,52,1590.68,False,0.95,unrelated,"Boots are general PPE/apparel used across many roles, while a Mossberg 702 Plinkster magazine/loader is a firearm-specific accessory. They are not required together, not part of the same kit build, and this pairing would feel random for most buyers."
Men's,23,8869.2,MOS-95725,"Mossberg 702 Plinkster, .22LR, 25 Round Magazine & Loader",36.4,,31,52,1590.68,False,0.93,unrelated,"""Men's"" is a broad apparel category and does not inherently indicate a firearms-related purchase; recommending a Mossberg 702 Plinkster magazine & loader is not a logical accessory/complement to generic men's clothing and is likely random across job functions."
Donations,23,58.0,MOS-96022,"Mossberg Flex Conversion Kit, Stock Adapter, 12GA",67.2,,13,13,681.07,False,0.92,unrelated,"“Donations” is not a functional equipment purchase category; it doesn’t imply the buyer needs firearm accessories. A Mossberg Flex conversion kit is a specific shotgun component and is not a required or commonly paired add-on to making a donation, so the pairing appears random and not job-function driven."
Men's,23,8869.2,MOS-96022,"Mossberg Flex Conversion Kit, Stock Adapter, 12GA",67.2,,13,13,681.07,False,0.92,unrelated,"""Men's"" is a broad apparel category and does not imply the customer is purchasing a Mossberg shotgun platform item. A Mossberg Flex conversion kit is a firearm-specific accessory tied to law enforcement/tactical use, not a required or commonly paired add-on to generic men's products, making the pairing feel random at category level."
Boots,23,8869.2,MOS-96022,"Mossberg Flex Conversion Kit, Stock Adapter, 12GA",67.2,,13,13,681.07,False,0.95,unrelated,"Boots are general PPE/tactical apparel, while a Mossberg Flex conversion kit is a firearm accessory; they are not required together, not part of the same kit completion flow, and the pairing is random for most boot purchasers."
Men's,23,8869.2,MOS-96022,"Mossberg Flex Conversion Kit, Stock Adapter, 12GA",67.2,,13,13,681.07,False,0.92,unrelated,"“Men’s” is a broad apparel category and does not indicate the customer is purchasing a Mossberg shotgun or related firearms platform. A Mossberg Flex stock adapter is a specific firearm accessory and is not a required or commonly paired add-on to generic men’s clothing purchases, making the pairing feel random and not job-function consistent."
Donations,23,58.0,TFS-WP-EDGE-ASST,"TheFireStore Deluxe ""Edge"" Upgraded Wack Pack",33.99,Helmets | Accessories,10,10,339.9,False,0.86,unrelated,"""Donations"" is not a functional equipment purchase category; it reflects a contribution/payment rather than a job-task need. Recommending a specific fire/rescue tool pack (Deluxe ""Edge"" Upgraded Wack Pack) is not a required or commonly paired add-on to making a donation, so the pairing feels random and not professionally driven."
Men's,23,8869.2,TFS-WP-EDGE-ASST,"TheFireStore Deluxe ""Edge"" Upgraded Wack Pack",33.99,Helmets | Accessories,10,10,339.9,False,0.9,unrelated,"""Men's"" is a broad apparel category and does not imply a fire/rescue job function or a need for a specialized fire equipment pack like the Deluxe ""Edge"" Upgraded Wack Pack. The pairing is too generic and likely random at category level."
Boots,23,8869.2,TFS-WP-EDGE-ASST,"TheFireStore Deluxe ""Edge"" Upgraded Wack Pack",33.99,Helmets | Accessories,10,10,339.9,False,0.9,unrelated,"Boots are footwear PPE, while the Deluxe ""Edge"" Upgraded Wack Pack is a fire/rescue tool/kit item; they are not required accessories to each other and are not typically purchased together as part of the same immediate boot-related outfit/maintenance workflow."
Men's,23,8869.2,TFS-WP-EDGE-ASST,"TheFireStore Deluxe ""Edge"" Upgraded Wack Pack",33.99,Helmets | Accessories,10,10,339.9,False,0.9,unrelated,"""Men's"" is a broad apparel category, while the TheFireStore Deluxe ""Edge"" Upgraded Wack Pack is a specific fire/rescue tool/pack item. There’s no clear required-accessory or same-kit relationship at the category level, so the pairing feels random rather than a practical upsell."
Donations,23,58.0,FNH-98891,"FNH SCAR 17S, 7.62 x 51mm, 10-round Magazine",53.39,,9,29,1548.31,False,0.95,unrelated,"""Donations"" is a non-product/administrative category and does not imply a specific operational need; recommending a specific firearm (FNH SCAR 17S) is not a logical accessory or complementary item and would be perceived as random/inappropriate for most donation purchases."
Men's,23,8869.2,FNH-98891,"FNH SCAR 17S, 7.62 x 51mm, 10-round Magazine",53.39,,9,29,1548.31,False,0.95,unrelated,"""Men's"" is a broad apparel category and does not imply firearms purchasing intent; recommending a specific FNH SCAR 17S rifle/magazine is not a logical accessory or kit-completing add-on and is likely random across job functions."
Boots,23,8869.2,FNH-98891,"FNH SCAR 17S, 7.62 x 51mm, 10-round Magazine",53.39,,9,29,1548.31,False,0.98,unrelated,"Boots are general PPE/apparel used across many roles, while an FNH SCAR 17S rifle is a specialized firearms purchase with different procurement needs and is not a required or commonly paired add-on to boots. This pairing is not a practical kit-completion or maintenance relationship."
Men's,23,8869.2,FNH-98891,"FNH SCAR 17S, 7.62 x 51mm, 10-round Magazine",53.39,,9,29,1548.31,False,0.98,unrelated,"""Men's"" is a broad apparel category and does not logically imply a need for a specific firearm (FNH SCAR 17S). This is not a required accessory, kit completion, or common same-job-function pairing; it reads as random and potentially inappropriate for most apparel purchases."
Donations,23,58.0,MOS-95300,"Mossberg Ghost Ring Sight Kit for 500, 590, 12 Gauge",119.0,,5,5,517.95,False,0.93,unrelated,"A donation purchase is not tied to any specific equipment need or job function, so recommending a Mossberg ghost ring sight kit (a firearm accessory) is not a logical or professional cross-sell and would feel random."
Men's,23,8869.2,MOS-95300,"Mossberg Ghost Ring Sight Kit for 500, 590, 12 Gauge",119.0,,5,5,517.95,False,0.93,unrelated,"""Men's"" is a broad apparel category and does not imply firearm ownership or shotgun platform compatibility; a Mossberg 500/590 ghost ring sight kit is a specific firearms accessory and is not a logical or required add-on to general men's clothing purchases."
Boots,23,8869.2,MOS-95300,"Mossberg Ghost Ring Sight Kit for 500, 590, 12 Gauge",119.0,,5,5,517.95,False,0.95,unrelated,"Boots are general footwear used across many roles, while a Mossberg ghost ring sight kit is a firearm-specific accessory. They are not required together, don’t complete the same kit, and the pairing is not a practical cross-sell for most boot purchases."
Men's,23,8869.2,MOS-95300,"Mossberg Ghost Ring Sight Kit for 500, 590, 12 Gauge",119.0,,5,5,517.95,False,0.93,unrelated,"""Men's"" is a broad apparel category and does not indicate firearms ownership or a Mossberg 500/590 shotgun purchase; the ghost ring sight kit is a specific firearm accessory, making this pairing random and not a practical same-job-function add-on."
Donations,23,58.0,CL-87,Channellock The 87 Rescue Tool,54.95,Custom Designs | Tools,4,4,232.79,False,0.86,unrelated,"“Donations” is not a job-function product category and doesn’t imply a specific operational need. A Channellock 87 Rescue Tool is a specialized rescue/forcible-entry tool; while it may be a good product for fire/rescue buyers, it is not a logical upsell from a generic donation purchase without additional context (e.g., donating to equip a rescue kit)."
Men's,23,8869.2,CL-87,Channellock The 87 Rescue Tool,54.95,Custom Designs | Tools,4,4,232.79,False,0.9,unrelated,"""Men's"" is a broad apparel category, while the Channellock 87 Rescue Tool is a specialized fire/rescue extrication tool. There’s no clear, consistent job-function or kit-completion relationship at the category level, making the pairing feel random rather than a practical add-on."
Boots,23,8869.2,CL-87,Channellock The 87 Rescue Tool,54.95,Custom Designs | Tools,4,4,232.79,False,0.86,unrelated,"Boots are general PPE/apparel used across many roles, while the Channellock 87 Rescue Tool is a specialized extrication/rescue tool typically purchased for fire/rescue kits or apparatus. They are not a required accessory to each other and don’t commonly form a practical bundle at the point of purchase."
Men's,23,8869.2,CL-87,Channellock The 87 Rescue Tool,54.95,Custom Designs | Tools,4,4,232.79,False,0.9,unrelated,"""Men's"" is a broad apparel category and does not imply a specific rescue/forcible-entry job function. The Channellock 87 Rescue Tool is a specialized fire/rescue tool, so recommending it from general men's products is likely random rather than a practical kit/outfit completion."
Donations,23,58.0,69140,Streamlight Vantage,139.99,Custom Designs | Helmets,3,6,839.94,False,0.86,unrelated,"“Donations” is a funding/administrative purchase category, not an operational gear category. A Streamlight Vantage (helmet light) is job-function equipment, but it’s not a required or natural add-on to making a donation unless the donation is explicitly earmarked for that item, which is not implied at the category level."
Donations,23,58.0,GLOCK-MF06781,Glock 26 9mm 10 Round OEM Factory Magazine with +2 Extension,33.39,,3,7,212.73,False,0.93,unrelated,"""Donations"" is not a job-function product category and does not imply purchase/use of Glock 26 magazines; pairing a donation with a specific firearm accessory is random and not a required or commonly bundled add-on."
Men's,23,8869.2,69140,Streamlight Vantage,139.99,Custom Designs | Helmets,3,6,839.94,False,0.78,unrelated,"""Men's"" is a broad apparel category, while Streamlight Vantage is a specific helmet-mounted/firefighter light. Without knowing the customer is buying fire/rescue gear (e.g., a helmet), this pairing is not a reliable or job-function-consistent upsell and will often be random."
Men's,23,8869.2,GLOCK-MF06781,Glock 26 9mm 10 Round OEM Factory Magazine with +2 Extension,33.39,,3,7,212.73,False,0.92,unrelated,"""Men's"" is a broad apparel category and does not imply the customer is purchasing a Glock 26 or any firearm-related item. A Glock 26 magazine is only relevant to users who own/carry that specific pistol, making this pairing random and not a practical cross-sell at the category level."
Boots,23,8869.2,69140,Streamlight Vantage,139.99,Custom Designs | Helmets,3,6,839.94,False,0.78,unrelated,"Boots and a Streamlight Vantage (helmet-mounted firefighter light) are not a direct accessory relationship and often serve different use-cases; while both can be used by first responders, the pairing is not a typical or required add-on to boot purchases and can feel random at category level."
Boots,23,8869.2,GLOCK-MF06781,Glock 26 9mm 10 Round OEM Factory Magazine with +2 Extension,33.39,,3,7,212.73,False,0.93,unrelated,"Boots are general footwear used across many roles (fire/EMS/industrial/tactical), while a Glock 26 magazine is a firearm-specific accessory relevant only to certain law enforcement/tactical users. This is not a required or common companion purchase for boots and will feel random for most boot buyers."
Men's,23,8869.2,69140,Streamlight Vantage,139.99,Custom Designs | Helmets,3,6,839.94,False,0.78,unrelated,"""Men's"" is a broad apparel category, while Streamlight Vantage is a specific helmet-mounted firefighting light. Without context that the customer is buying firefighter headgear/turnout gear, this pairing is too generic and likely random rather than a required or commonly paired add-on."
Men's,23,8869.2,GLOCK-MF06781,Glock 26 9mm 10 Round OEM Factory Magazine with +2 Extension,33.39,,3,7,212.73,False,0.92,unrelated,"""Men's"" is a broad apparel category and does not imply the customer is purchasing a Glock 26 or any firearm-related item. A Glock 26 magazine is only relevant for customers buying Glock 26-specific gear, so this pairing is likely random and not a practical cross-sell at the category level."
Flashlights,21,2562.66,MOS-95725,"Mossberg 702 Plinkster, .22LR, 25 Round Magazine & Loader",36.4,,31,52,1590.68,False,0.93,unrelated,"A .22LR rifle/magazine/loader is not a logical upsell from flashlights at the category level. While both may be used by law enforcement/tactical users, the firearm is a different job function and procurement path than duty/weapon lights, and most flashlight buyers would not realistically also need a specific rifle package."
Rope and Tech Rescue,21,2244.47,MOS-95725,"Mossberg 702 Plinkster, .22LR, 25 Round Magazine & Loader",36.4,,31,52,1590.68,False,0.97,unrelated,"Rope and technical rescue gear is used for fire/rescue and industrial rescue operations, while a Mossberg 702 Plinkster .22LR magazine/loader is a firearms accessory for recreational or law-enforcement firearms use. They are not required together, not part of the same kit, and the pairing appears random across job functions."
Flashlights,21,2562.66,MOS-96022,"Mossberg Flex Conversion Kit, Stock Adapter, 12GA",67.2,,13,13,681.07,False,0.93,unrelated,"A Mossberg Flex conversion kit is a shotgun stock adapter, which is not a required or common companion purchase for a general flashlight category. While weapon lights exist, a firearm-specific conversion kit is too narrow and not a practical cross-sell for most customers buying tactical/duty flashlights."
Rope and Tech Rescue,21,2244.47,MOS-96022,"Mossberg Flex Conversion Kit, Stock Adapter, 12GA",67.2,,13,13,681.07,False,0.95,unrelated,"Rope and Tech Rescue products are used for fire/rescue and technical rescue operations, while a Mossberg Flex 12GA stock adapter is a firearms accessory for law enforcement/tactical use. They are not required together, not commonly used in the same kit, and represent different job functions."
Flashlights,21,2562.66,TFS-WP-EDGE-ASST,"TheFireStore Deluxe ""Edge"" Upgraded Wack Pack",33.99,Helmets | Accessories,10,10,339.9,False,0.86,unrelated,"A deluxe 'Wack Pack' (typically a hydration/gear backpack) is not a required accessory or common paired item for a tactical/duty flashlight purchase. While both can be used by first responders, the relationship is indirect and not a practical, expected add-on at checkout for flashlights."
Rope and Tech Rescue,21,2244.47,TFS-WP-EDGE-ASST,"TheFireStore Deluxe ""Edge"" Upgraded Wack Pack",33.99,Helmets | Accessories,10,10,339.9,False,0.78,unrelated,"Rope and technical rescue purchases are focused on rope systems, hardware, and rescue operations. TheFireStore Deluxe ""Edge"" Upgraded Wack Pack appears to be a separate fire/rescue kit/bag product and is not a required accessory or typical companion item for rope/tech rescue work. Without a clear link (e.g., a rope rescue-specific bag, edge protection kit, or rigging pack), this reads as a random cross-category upsell rather than a practical pairing."
Flashlights,21,2562.66,FNH-98891,"FNH SCAR 17S, 7.62 x 51mm, 10-round Magazine",53.39,,9,29,1548.31,False,0.98,unrelated,"A tactical/duty flashlight is broadly used across many roles, but a specific firearm (FNH SCAR 17S) is a highly specialized, regulated purchase and not a required or common add-on to buying a flashlight. This pairing is not a practical kit-completion or accessory relationship and will feel random for most flashlight buyers."
Rope and Tech Rescue,21,2244.47,FNH-98891,"FNH SCAR 17S, 7.62 x 51mm, 10-round Magazine",53.39,,9,29,1548.31,False,0.98,unrelated,"Rope and technical rescue gear is used for fire/rescue and industrial rescue operations, while an FNH SCAR 17S rifle/magazine is a law enforcement/military firearm product. They are not used together in the same job function and the pairing is not a required accessory, common field combo, or kit completion."
Flashlights,21,2562.66,MOS-95300,"Mossberg Ghost Ring Sight Kit for 500, 590, 12 Gauge",119.0,,5,5,517.95,False,0.93,unrelated,"A Mossberg ghost ring sight kit is a firearm-specific upgrade for certain shotguns, while flashlights are general duty/utility items. They are not required accessories for each other and don’t reliably indicate the same purchase intent; pairing reads as random rather than a practical kit completion."
Rope and Tech Rescue,21,2244.47,MOS-95300,"Mossberg Ghost Ring Sight Kit for 500, 590, 12 Gauge",119.0,,5,5,517.95,False,0.95,unrelated,"Rope and technical rescue gear is used for fire/rescue and industrial rescue operations, while a Mossberg ghost ring sight kit is a firearms accessory for law enforcement/military use. They are not used together in the same job function and there is no practical accessory or kit-completion relationship."
Flashlights,21,2562.66,CL-87,Channellock The 87 Rescue Tool,54.95,Custom Designs | Tools,4,4,232.79,False,0.78,unrelated,"A rescue/pry tool and a flashlight can both be carried by first responders, but the Channellock 87 Rescue Tool is not a required accessory to a flashlight and is not a common, direct add-on for someone shopping tactical/duty/weapon lights. The pairing feels broad and job-function dependent rather than a practical, expected cross-sell at category level."
Flashlights,21,2562.66,69140,Streamlight Vantage,139.99,Custom Designs | Helmets,3,6,839.94,False,0.78,unrelated,"The recommended item (Streamlight Vantage) is itself a flashlight model, not an accessory or complementary add-on. Suggesting another flashlight to someone already buying a flashlight is typically redundant unless positioned as an upgrade/alternative within the same purchase decision, not a cross-sell."
Flashlights,21,2562.66,GLOCK-MF06781,Glock 26 9mm 10 Round OEM Factory Magazine with +2 Extension,33.39,,3,7,212.73,False,0.9,unrelated,"A Glock 26 magazine is a firearm-specific accessory and not a logical add-on to a general flashlight purchase. While both may be used by law enforcement/tactical users, the pairing is not a required accessory, common kit completion, or maintenance relationship for flashlights and will feel random for many flashlight buyers (industrial/EMS/fire)."
Rope and Tech Rescue,21,2244.47,GLOCK-MF06781,Glock 26 9mm 10 Round OEM Factory Magazine with +2 Extension,33.39,,3,7,212.73,False,0.97,unrelated,"Rope and technical rescue gear is used by fire/rescue and specialized rescue teams, while a Glock 26 magazine is a law-enforcement firearm accessory. They are not required together, not part of the same kit, and the pairing appears random across job functions."
Tech Rescue,20,812.51,MOS-95725,"Mossberg 702 Plinkster, .22LR, 25 Round Magazine & Loader",36.4,,31,52,1590.68,False,0.95,unrelated,"Tech Rescue purchases are for rescue/extrication and technical response; a Mossberg 702 Plinkster firearm magazine/loader is a law-enforcement/firearms accessory and not required, commonly paired, or part of the same job function for tech rescue operations."
Tech Rescue,20,812.51,MOS-96022,"Mossberg Flex Conversion Kit, Stock Adapter, 12GA",67.2,,13,13,681.07,False,0.93,unrelated,"Tech Rescue equipment is for rescue/extrication and related operations, while a Mossberg Flex shotgun stock adapter is a firearms accessory for law enforcement/tactical use. They are not required together, not commonly used in the same kit, and represent different job functions, making the pairing feel random for most buyers."
Tech Rescue,20,812.51,FNH-98891,"FNH SCAR 17S, 7.62 x 51mm, 10-round Magazine",53.39,,9,29,1548.31,False,0.97,unrelated,"Tech Rescue equipment is for rescue/extrication and technical operations; an FNH SCAR 17S rifle/magazine is a firearms product for law enforcement/military use. They are not required accessories, not used together in the same job function, and the pairing appears random for most tech rescue purchasers."
Tech Rescue,20,812.51,MOS-95300,"Mossberg Ghost Ring Sight Kit for 500, 590, 12 Gauge",119.0,,5,5,517.95,False,0.93,unrelated,"Tech Rescue purchases are focused on rescue/extrication and related safety gear, while a Mossberg ghost ring sight kit is a firearm accessory for a shotgun. These are different job functions and not typically purchased together as part of the same kit or workflow."
Tech Rescue,20,812.51,GLOCK-MF06781,Glock 26 9mm 10 Round OEM Factory Magazine with +2 Extension,33.39,,3,7,212.73,False,0.93,unrelated,Tech Rescue purchases are typically fire/rescue or industrial rescue tools and PPE; a Glock 26 magazine extension is a law-enforcement firearm accessory and not required or commonly paired with rescue equipment in the same job function.
Structural Gloves,17,2385.85,MOS-95725,"Mossberg 702 Plinkster, .22LR, 25 Round Magazine & Loader",36.4,,31,52,1590.68,False,0.97,unrelated,"Structural gloves are fire/rescue PPE, while the Mossberg 702 Plinkster is a firearm; they are not required accessories for each other and are typically used in different job functions. A buyer of structural firefighting gloves would not realistically need a .22LR rifle/magazine/loader as an upsell in the same purchase context."
Deck Out Your Helmet,17,843.01,MOS-95725,"Mossberg 702 Plinkster, .22LR, 25 Round Magazine & Loader",36.4,,31,52,1590.68,False,0.95,unrelated,"""Deck Out Your Helmet"" implies helmet accessories/attachments for protective headgear, while a Mossberg 702 Plinkster magazine & loader is a firearms accessory. They are not used together as part of the same kit-building workflow and represent different job functions, making the pairing feel random and unprofessional."
Helmets,17,24528.14,MOS-95725,"Mossberg 702 Plinkster, .22LR, 25 Round Magazine & Loader",36.4,,31,52,1590.68,False,0.95,unrelated,"Helmets (fire/rescue, industrial, or tactical head protection) are not a logical complement to a specific .22LR firearm/magazine/loader. They are not required accessories for each other, not typically used together as part of the same kit purchase, and this pairing appears random across job functions."
Structural Gloves,17,2385.85,MOS-96022,"Mossberg Flex Conversion Kit, Stock Adapter, 12GA",67.2,,13,13,681.07,False,0.95,unrelated,"Structural gloves are fire/rescue PPE, while a Mossberg Flex conversion kit is a shotgun accessory for law enforcement/tactical use. They are not used together in the same job function and there is no practical accessory or kit-completion relationship."
Deck Out Your Helmet,17,843.01,MOS-96022,"Mossberg Flex Conversion Kit, Stock Adapter, 12GA",67.2,,13,13,681.07,False,0.95,unrelated,"""Deck Out Your Helmet"" implies helmet accessories for fire/rescue or tactical head protection, while a Mossberg Flex Conversion Kit is a shotgun stock adapter. They are not used together as part of the same kit build, and a helmet-accessory shopper would not realistically need a firearm conversion part as an upsell."
Helmets,17,24528.14,MOS-96022,"Mossberg Flex Conversion Kit, Stock Adapter, 12GA",67.2,,13,13,681.07,False,0.93,unrelated,"Helmets are PPE used across fire/rescue, industrial, and some tactical contexts, while a Mossberg Flex conversion kit is a firearm accessory specific to shotgun platforms. They are not required together, not part of the same kit, and the pairing is functionally unrelated for most helmet purchasers."
Structural Gloves,17,2385.85,TFS-WP-EDGE-ASST,"TheFireStore Deluxe ""Edge"" Upgraded Wack Pack",33.99,Helmets | Accessories,10,10,339.9,False,0.78,unrelated,"Structural gloves are PPE for firefighting/structural operations, while the Deluxe ""Edge"" Upgraded Wack Pack is a separate tool/pack item that is not a required accessory to gloves and isn’t a standard, universally needed add-on for someone simply purchasing gloves. The pairing feels more like a random cross-category suggestion than a practical completion of the same kit purchase."
Helmets,17,24528.14,TFS-WP-EDGE-ASST,"TheFireStore Deluxe ""Edge"" Upgraded Wack Pack",33.99,Helmets | Accessories,10,10,339.9,False,0.78,unrelated,"A helmet buyer is typically looking for head protection; the Deluxe ""Edge"" Upgraded Wack Pack is not a standard required helmet accessory or maintenance item. Unless it is explicitly a helmet-related kit (e.g., helmet lighting/marking/comfort package), this reads as a separate product with unclear linkage, making the upsell feel random rather than a practical add-on."
Structural Gloves,17,2385.85,FNH-98891,"FNH SCAR 17S, 7.62 x 51mm, 10-round Magazine",53.39,,9,29,1548.31,False,0.98,unrelated,"Structural gloves are fire/rescue PPE, while an FNH SCAR 17S rifle magazine is a firearms accessory for law enforcement/military use. They are not required accessories for each other, not typically used together in the same job function, and the pairing appears random for a B2B safety equipment purchase."
Deck Out Your Helmet,17,843.01,FNH-98891,"FNH SCAR 17S, 7.62 x 51mm, 10-round Magazine",53.39,,9,29,1548.31,False,0.97,unrelated,"Helmet accessories ('Deck Out Your Helmet') are PPE add-ons, while an FNH SCAR 17S rifle/magazine is a firearms item. They are not required accessories for each other, not typically purchased together as part of the same kit build, and span different procurement/job functions (PPE vs firearms). This reads as a random pairing rather than a practical upsell."
Helmets,17,24528.14,FNH-98891,"FNH SCAR 17S, 7.62 x 51mm, 10-round Magazine",53.39,,9,29,1548.31,False,0.98,unrelated,"Helmets are protective equipment used across fire/rescue, industrial safety, and some tactical contexts, while an FNH SCAR 17S rifle is a firearms product for law enforcement/military roles. They are not a required accessory, not typically purchased together as part of the same kit, and the pairing is not a practical/professional upsell for a helmet purchase."
Structural Gloves,17,2385.85,MOS-95300,"Mossberg Ghost Ring Sight Kit for 500, 590, 12 Gauge",119.0,,5,5,517.95,False,0.95,unrelated,"Structural gloves are fire/rescue PPE, while a Mossberg ghost ring sight kit is a firearms accessory for law enforcement/tactical use. They are not used together in the same job function and there is no practical accessory or kit-completion relationship."
Deck Out Your Helmet,17,843.01,MOS-95300,"Mossberg Ghost Ring Sight Kit for 500, 590, 12 Gauge",119.0,,5,5,517.95,False,0.93,unrelated,"""Deck Out Your Helmet"" implies helmet accessories (lights, mounts, visors, comms, ID), while a Mossberg ghost ring sight kit is a firearm accessory for a shotgun. They are not used together as part of the same kit/outfit and serve different job functions, making the pairing feel random rather than practical."
Helmets,17,24528.14,MOS-95300,"Mossberg Ghost Ring Sight Kit for 500, 590, 12 Gauge",119.0,,5,5,517.95,False,0.95,unrelated,Helmets (fire/rescue/industrial/tactical head protection) are not functionally related to a Mossberg ghost ring sight kit (firearms accessory). They are different job functions and not a required or commonly paired add-on for someone purchasing a helmet.
Structural Gloves,17,2385.85,CL-87,Channellock The 87 Rescue Tool,54.95,Custom Designs | Tools,4,4,232.79,False,0.78,unrelated,"Structural gloves are PPE typically purchased as part of turnout/hand protection, while the Channellock 87 Rescue Tool is a specialized extrication/rescue tool. They may be used by the same fire/rescue personnel, but they are not a required accessory to each other and don’t naturally form a kit-level pairing at checkout."
Deck Out Your Helmet,17,843.01,CL-87,Channellock The 87 Rescue Tool,54.95,Custom Designs | Tools,4,4,232.79,False,0.78,unrelated,"""Deck Out Your Helmet"" implies helmet accessories (lights, mounts, shields, straps) while the Channellock 87 is a rescue/extrication hand tool. Both may be used by fire/rescue, but the tool is not a helmet accessory and isn’t a typical add-on prompted by helmet customization, making the pairing feel random rather than a practical upsell."
Structural Gloves,17,2385.85,GLOCK-MF06781,Glock 26 9mm 10 Round OEM Factory Magazine with +2 Extension,33.39,,3,7,212.73,False,0.95,unrelated,"Structural gloves are fire/rescue PPE, while a Glock 26 magazine is a law-enforcement firearm accessory. They are not required accessories for each other and are typically purchased for different job functions, making the pairing feel random and unprofessional."
Deck Out Your Helmet,17,843.01,GLOCK-MF06781,Glock 26 9mm 10 Round OEM Factory Magazine with +2 Extension,33.39,,3,7,212.73,False,0.95,unrelated,"""Deck Out Your Helmet"" implies helmet accessories/customization (likely fire/rescue or tactical head protection). A Glock 26 magazine is a firearms accessory for law enforcement/tactical use and is not functionally related to helmet outfitting; it’s not required, commonly used together, or a kit-completing add-on for helmet purchases."
Helmets,17,24528.14,GLOCK-MF06781,Glock 26 9mm 10 Round OEM Factory Magazine with +2 Extension,33.39,,3,7,212.73,False,0.95,unrelated,"Helmets are general PPE used across fire/rescue, industrial, and some tactical contexts, while a Glock 26 magazine is a firearm-specific accessory for law enforcement/tactical users. They are not required together, not part of the same kit by default, and the pairing is likely random for most helmet buyers."
